name,color,fabric
Custom Doctorate Hood,,
Custom Diploma of Graduation Cover,,
Custom Master Hood,,
Custom Bachelor Hood,,
Shiny White Graduation Cap,White,Shiny  Tricot Fabric
Shiny Silver Graduation Cap,Silver,Shiny  Tricot Fabric
Shiny Light Blue Graduation Cap,Light Blue,Shiny  Tricot Fabric
Shiny Royal Blue Graduation Cap,Royal Blue,Shiny  Tricot Fabric
Shiny Navy Blue Graduation Cap,Navy Blue,Shiny  Tricot Fabric
Shiny Purple Graduation Cap,Purple,Shiny  Tricot Fabric
Shiny Gold Graduation Cap,Gold,Shiny  Tricot Fabric
Shiny Orange Graduation Cap,Orange,Shiny  Tricot Fabric
Shiny Pink Graduation Cap,Pink,Shiny  Tricot Fabric
Shiny Red Graduation Cap,Red,Shiny  Tricot Fabric
Shiny Maroon Graduation Cap,Maroon,Shiny  Tricot Fabric
Shiny Brown Graduation Cap,Brown,Shiny  Tricot Fabric
Shiny Green Graduation Cap,Green,Shiny  Tricot Fabric
Shiny Emerald Green Graduation Cap,Green,Shiny  Tricot Fabric
Shiny Hunter Graduation Cap,,Shiny  Tricot Fabric
Shiny Black Graduation Cap,Black,Shiny  Tricot Fabric
Matte White Graduation Cap,White,Matte Finished Fabric
Matte Royal Blue Graduation Cap,Royal Blue,Matte Finished Fabric
Matte Navy Blue Graduation Cap,Navy Blue,Matte Finished Fabric
Matte Purple Graduation Cap,Purple,Matte Finished Fabric
Matte Gold Graduation Cap,Gold,Matte Finished Fabric
Matte Red Graduation Cap,Red,Matte Finished Fabric
Matte Maroon Graduation Cap,Maroon,Matte Finished Fabric
Matte Green Graduation Cap,Green,Matte Finished Fabric
Matte Emerald Green Graduation Cap,Green,Matte Finished Fabric
Matte Hunter Graduation Cap,,Matte Finished Fabric
Matte Black Graduation Cap,Black,Matte Finished Fabric
Child White Graduation Cap,White,Shiny  Tricot Fabric
Child Silver Graduation Cap,Silver,Shiny  Tricot Fabric
Child Light Blue Graduation Cap,Light Blue,Shiny  Tricot Fabric
Child Royal Blue Graduation Cap,Royal Blue,Shiny  Tricot Fabric
Child Navy Blue Graduation Cap,Navy Blue,Shiny  Tricot Fabric
Child Purple Graduation Cap,Purple,Shiny  Tricot Fabric
Child Gold Graduation Cap,Gold,Shiny  Tricot Fabric
Child Orange Graduation Cap,Orange,Shiny  Tricot Fabric
Child Pink Graduation Cap,Pink,Shiny  Tricot Fabric
Child Red Graduation Cap,Red,Shiny  Tricot Fabric
Child Maroon Graduation Cap,Maroon,Shiny  Tricot Fabric
Child Brown Graduation Cap,Brown,Shiny  Tricot Fabric
Child Green Graduation Cap,Green,Shiny  Tricot Fabric
Child Emerald Green Graduation Cap,Green,Shiny  Tricot Fabric
Child Hunter Graduation Cap,,Shiny  Tricot Fabric
Child Black Graduation Cap,Black,Shiny  Tricot Fabric
Shiny White Graduation Cap with Tassel,White,Shiny  Tricot Fabric
Shiny Silver Graduation Cap with Tassel,Silver,Shiny  Tricot Fabric
Shiny Light Blue Graduation Cap with Tassel,Light Blue,Shiny  Tricot Fabric
Shiny Royal Blue Graduation Cap with Tassel,Royal Blue,Shiny  Tricot Fabric
Shiny Navy Blue Graduation Cap with Tassel,Navy Blue,Shiny  Tricot Fabric
Shiny Purple Graduation Cap with Tassel,Purple,Shiny  Tricot Fabric
Shiny Gold Graduation Cap with Tassel,Gold,Shiny  Tricot Fabric
Shiny Orange Graduation Cap with Tassel,Orange,Shiny  Tricot Fabric
Shiny Pink Graduation Cap with Tassel,Pink,Shiny  Tricot Fabric
Shiny Red Graduation Cap with Tassel,Red,Shiny  Tricot Fabric
Shiny Maroon Graduation Cap with Tassel,Maroon,Shiny  Tricot Fabric
Shiny Brown Graduation Cap with Tassel,Brown,Shiny  Tricot Fabric
Shiny Green Graduation Cap with Tassel,Green,Shiny  Tricot Fabric
Shiny Emerald Green Graduation Cap with Tassel,Green,Shiny  Tricot Fabric
Shiny Hunter Graduation Cap with Tassel,,Shiny  Tricot Fabric
Shiny Black Graduation Cap with Tassel,Black,Shiny  Tricot Fabric
Matte White Graduation Cap with Tassel,White,Matte Finished Fabric
Matte Royal Blue Graduation Cap with Tassel,Royal Blue,Matte Finished Fabric
Matte Navy Blue Graduation Cap with Tassel,Navy Blue,Matte Finished Fabric
Matte Purple Graduation Cap with Tassel,Purple,Matte Finished Fabric
Matte Gold Graduation Cap with Tassel,Gold,Matte Finished Fabric
Matte Red Graduation Cap with Tassel,Red,Matte Finished Fabric
Matte Maroon Graduation Cap with Tassel,Maroon,Matte Finished Fabric
Matte Green Graduation Cap with Tassel,Green,Matte Finished Fabric
Matte Emerald Green Graduation Cap with Tassel,Green,Matte Finished Fabric
Matte Hunter Graduation Cap with Tassel,,Matte Finished Fabric
Matte Black Graduation Cap with Tassel,Black,Matte Finished Fabric
Child White Graduation Cap with Tassel,White,Shiny  Tricot Fabric
Child Silver Graduation Cap with Tassel,Silver,Shiny  Tricot Fabric
Child Light Blue Graduation Cap with Tassel,Light Blue,Shiny  Tricot Fabric
Child Royal Blue Graduation Cap with Tassel,Royal Blue,Shiny  Tricot Fabric
Child Navy Blue Graduation Cap with Tassel,Navy Blue,Shiny  Tricot Fabric
Child Purple Graduation Cap with Tassel,Purple,Shiny  Tricot Fabric
Child Gold Graduation Cap with Tassel,Gold,Shiny  Tricot Fabric
Child Orange Graduation Cap with Tassel,Orange,Shiny  Tricot Fabric
Child Pink Graduation Cap with Tassel,Pink,Shiny  Tricot Fabric
Child Red Graduation Cap with Tassel,Red,Shiny  Tricot Fabric
Child Maroon Graduation Cap with Tassel,Maroon,Shiny  Tricot Fabric
Child Brown Graduation Cap with Tassel,Brown,Shiny  Tricot Fabric
Child Green Graduation Cap with Tassel,Green,Shiny  Tricot Fabric
Child Emerald Green Graduation Cap with Tassel,Green,Shiny  Tricot Fabric
Child Hunter Graduation Cap with Tassel,,Shiny  Tricot Fabric
Child Black Graduation Cap with Tassel,Black,Shiny  Tricot Fabric
Deluxe 4 Sided Doctoral Tam,,Silk Velvet
Deluxe 6 Sided Doctoral Tam,,Silk Velvet
Deluxe 8 Sided Doctoral Tam,,Silk Velvet
Deluxe Doctoral Beefeater,,Silk Velvet
Shiny Maroon Graduation Cap- Gown & Tassel,Maroon,Shiny Tricot Fabric
Shiny Brown Graduation Cap- Gown & Tassel,Brown,Shiny Tricot Fabric
Shiny Green Graduation Cap- Gown & Tassel,Green,Shiny Tricot Fabric
Shiny Emerald Green Graduation Cap- Gown & Tassel,Green,Shiny Tricot Fabric
Shiny Hunter Green Graduation Cap- Gown & Tassel,Hunter Green,Shiny Tricot Fabric
Shiny Black Graduation Cap- Gown & Tassel,Black,Shiny Tricot Fabric
Matte White Graduation Cap- Gown & Tassel,White,Matte Finished Fabric
Matte Royal Blue Graduation Cap- Gown & Tassel,Royal Blue,Matte Finished Fabric
Matte Navy Blue Graduation Cap- Gown & Tassel,Navy Blue,Matte Finished Fabric
Matte Purple Graduation Cap- Gown & Tassel,Purple,Matte Finished Fabric
Matte Gold Graduation Cap- Gown & Tassel,Gold,Matte Finished Fabric
Matte Red Graduation Cap- Gown & Tassel,Red,Matte Finished Fabric
Matte Maroon Graduation Cap- Gown & Tassel,Maroon,Matte Finished Fabric
Matte Green Graduation Cap- Gown & Tassel,Green,Matte Finished Fabric
Matte Emerald Green Graduation Cap- Gown & Tassel,Green,Matte Finished Fabric
Matte Hunter Graduation Cap- Gown & Tassel,,Matte Finished Fabric
Matte Black Graduation Cap- Gown & Tassel,Black,Matte Finished Fabric
White Child Graduation Cap- Gown & Tassel,White,Shiny Tricot Fabric
Silver Child Graduation Cap- Gown & Tassel,Silver,Shiny Tricot Fabric
Light Blue Child Graduation Cap- Gown & Tassel,Light Blue,Shiny Tricot Fabric
Royal Blue Child Graduation Cap- Gown & Tassel,Royal Blue,Shiny Tricot Fabric
Navy Blue Child Graduation Cap- Gown & Tassel,Navy Blue,Shiny Tricot Fabric
Purple Child Graduation Cap- Gown & Tassel,Purple,Shiny Tricot Fabric
Gold Child Graduation Cap- Gown & Tassel,Gold,Shiny Tricot Fabric
Orange Child Graduation Cap- Gown & Tassel,Orange,Shiny Tricot Fabric
Pink Child Graduation Cap- Gown & Tassel,Pink,Shiny Tricot Fabric
Red Child Graduation Cap- Gown & Tassel,Red,Shiny Tricot Fabric
Maroon Child Graduation Cap- Gown & Tassel,Maroon,Shiny Tricot Fabric
Brown Child Graduation Cap- Gown & Tassel,Brown,Shiny Tricot Fabric
Green Child Graduation Cap- Gown & Tassel,Green,Shiny Tricot Fabric
Emerald Green Child Graduation Cap- Gown & Tassel,Green,Shiny Tricot Fabric
Hunter Child Graduation Cap- Gown & Tassel,,Shiny Tricot Fabric
Black Child Graduation Cap- Gown & Tassel,Black,Shiny Tricot Fabric
Deluxe Master Graduation Cap- Gown & Tassel,,Matte Finished Fabric
Deluxe Doctor Tam & Gown Package,,Matte Finished Fabric
Deluxe Black Bachelor Graduation Gown,Black,Matte Finished Fabric
Eco-Friendly Green Bachelor Graduation Gown,Green,Recycle Fabric
Eco-Friendly Black Bachelor Graduation Gown,Black,Recycle Fabric
Shiny White Graduation Gown,White,Shiny Tricot Fabric
Shiny Silver Graduation Gown,Silver,Shiny Tricot Fabric
Shiny Light Blue Graduation Gown,Light Blue,Shiny Tricot Fabric
Shiny Royal Blue Graduation Gown,Royal Blue,Shiny Tricot Fabric
Shiny Navy Blue Graduation Gown,Navy Blue,Shiny Tricot Fabric
Shiny Purple Graduation Gown,Purple,Shiny Tricot Fabric
Shiny Gold Graduation Gown,Gold,Shiny Tricot Fabric
Shiny Orange Graduation Gown,Orange,Shiny Tricot Fabric
Shiny Pink Graduation Gown,Pink,Shiny Tricot Fabric
Shiny Red Graduation Gown,Red,Shiny Tricot Fabric
Shiny Maroon Graduation Gown,Maroon,Shiny Tricot Fabric
Shiny Brown Graduation Gown,Brown,Shiny Tricot Fabric
Shiny Green Graduation Gown,Green,Shiny Tricot Fabric
Shiny Emerald Green Graduation Gown,Green,Shiny Tricot Fabric
Shiny Hunter Green Graduation Gown,Hunter Green,Shiny Tricot Fabric
Shiny Black Graduation Gown,Black,Shiny Tricot Fabric
Matte White Graduation Gown,White,Matte Finished Fabric
Matte Royal Blue Graduation Gown,Royal Blue,Matte Finished Fabric
Matte Navy Blue Graduation Gown,Navy Blue,Matte Finished Fabric
Matte Purple Graduation Gown,Purple,Matte Finished Fabric
Matte Gold Graduation Gown,Gold,Matte Finished Fabric
Matte Red Graduation Gown,Red,Matte Finished Fabric
Matte Maroon Graduation Gown,Maroon,Matte Finished Fabric
Matte Green Graduation Gown,Green,Matte Finished Fabric
Matte Emerald Green Graduation Gown,Green,Matte Finished Fabric
Matte Hunter Graduation Gown,,Matte Finished Fabric
Matte Black Graduation Gown ,Black,Matte Finished Fabric
White Child Graduation Gown,White,Shiny Tricot Fabric
Silver Child Graduation Gown,Silver,Shiny Tricot Fabric
Light Blue Child Graduation Gown,Light Blue,Shiny Tricot Fabric
Royal Blue Child Graduation Gown,Royal Blue,Shiny Tricot Fabric
Navy Blue Child Graduation Gown,Navy Blue,Shiny Tricot Fabric
Purple Child Graduation Gown,Purple,Shiny Tricot Fabric
Gold Child Graduation Gown,Gold,Shiny Tricot Fabric
Orange Child Graduation Gown,Orange,Shiny Tricot Fabric
Pink Child Graduation Gown,Pink,Shiny Tricot Fabric
Child Red Graduation Gown,Red,Shiny Tricot Fabric
Maroon Child Graduation Gown,Maroon,Shiny Tricot Fabric
Brown Child Graduation Gown,Brown,Shiny Tricot Fabric
Children's Green Graduation Gown ,Green,Shiny Tricot Fabric
Emerald Green Child Graduation Gown,Green,Shiny Tricot Fabric
Hunter Green Child Graduation Gown,Hunter Green,Shiny Tricot Fabric
Child Graduation Gown Black,Black,Shiny Tricot Fabric
Deluxe Master Graduation Gown,,Matte Finished Fabric
Deluxe Doctor Graduation Gown,,Matte Finished Fabric
Shiny White Graduation Collar,White,Shiny  Tricot Fabric
Shiny Royal Blue Graduation Collar,Royal Blue,Shiny  Tricot Fabric
Shiny Red Graduation Collar ,Red,Shiny  Tricot Fabric
White Graduation Tassel,White,
Silver Graduation Tassel,Silver,
Light Blue Graduation Tassel,Light Blue,
Royal Blue Graduation Tassel,Royal Blue,
Navy Blue Graduation Tassel,Navy Blue,
Purple Graduation Tassel,Purple,
Gold Graduation Tassel,Gold,
Antique Gold Graduation Tassel,Gold,
Orange Graduation Tassel,Orange,
Pink Graduation Tassel,Pink,
Red Graduation Tassel,Red,
Maroon Graduation Tassel,Maroon,
Brown Graduation Tassel,Brown,
Green Graduation Tassel,Green,
Emerald Green Graduation Tassel,Green,
Hunter Graduation Tassel,,
Black Graduation Tassel,Black,
Double Color Graduation Tassel,,
White Graduation Jumbo Tassel,White,
Silver Graduation Jumbo Tassel,Silver,
Light Blue Graduation Jumbo Tassel,Light Blue,
Royal Blue Graduation Jumbo Tassel,Royal Blue,
Navy Blue Graduation Jumbo Tassel,Navy Blue,
Purple Graduation Jumbo Tassel,Purple,
Gold Graduation Jumbo Tassel,Gold,
Antique Gold Graduation Jumbo Tassel,Gold,
Orange Graduation Jumbo Tassel,Orange,
Pink Graduation Jumbo Tassel,Pink,
Red Graduation Jumbo Tassel,Red,
Maroon Graduation Jumbo Tassel,Maroon,
Brown Graduation Jumbo Tassel,Brown,
Green Graduation Jumbo Tassel,Green,
Emerald Green Graduation Jumbo Tassel,Green,
Hunter Graduation Jumbo Tassel,,
Black Graduation Jumbo Tassel,Black,
Double Color Graduation Jumbo Tassel,,
Three Color Graduation Jumbo Tassel,,
White Graduation Honor Cord,White,
Silver Graduation Honor Cord,Silver,
Light Blue Graduation Honor Cord,Light Blue,
Royal Blue Graduation Honor Cord,Royal Blue,
Navy Blue Graduation Honor Cord,Navy Blue,
Purple Graduation Honor Cord,Purple,
Gold Graduation Honor Cord,Gold,
Antique Gold Graduation Honor Cord,Gold,
Orange Graduation Honor Cord,Orange,
Pink Graduation Honor Cord,Pink,
Red Graduation Honor Cord,Red,
Maroon Graduation Honor Cord,Maroon,
Brown Graduation Honor Cord,Brown,
Green Graduation Honor Cord,Green,
Emerald Green Graduation Honor Cord,Green,
Hunter Graduation Honor Cord,,
Black Graduation Honor Cord,Black,
Apricot Graduation Honor Cord,,
Double Graduation Honor Cords,,
White Graduation Stole ,White,
Silver Graduation Stole ,Silver,
Light Blue Graduation Stole,Light Blue,
Royal Blue Graduation Stole ,Royal Blue,
Navy Blue Graduation Stole ,Navy Blue,
Purple Graduation Stole,Purple,
Gold Graduation Stole,Gold,
Antique Gold Graduation Stole ,Gold,
Orange Graduation Stole,Orange,
Pink Graduation Stole ,Pink,
Red Graduation Stole,Red,
Maroon Graduation Stole ,Maroon,
Brown Graduation Stole ,Brown,
Green Graduation Stole ,Green,
Emerald Green Graduation Stole ,Green,
Hunter Green Graduation Stole ,Hunter Green,
Black Graduation Stole,Black,
White Honor Graduation Stole ,White,
White Valedictorian Graduation Stole,White,
White Salutatorian Graduation Stole,White,
Gold Valedictorian Graduation Stole,Gold,
Gold Honor Graduation Stole ,Gold,
Gold Salutatorian Graduation Stole,Gold,
White Graduation V Stole,White,
Royal Blue Graduation V Stole ,Royal Blue,
Red Graduation V Stole ,Red,
Gold Graduation V Stole ,Gold,
Valedictorian Medal,,
Salutatorian Medal ,,
Black Diploma of Graduation Cover,Black,Paper
Navy Blue Diploma of Graduation Cover,Navy Blue,Paper
Maroon Diploma of Graduation Cover ,Maroon,Paper
Red Diploma of Graduation Cover,Red,Paper
Royal Blue Diploma of Graduation Cover,Royal Blue,Paper
Black Imprinted Diploma of Graduation Cover,Black,Paper
Navy Blue Imprinted Diploma of Graduation Cover,Navy Blue,Paper
Maroon Imprinted Diploma of Graduation Cover,Maroon,Paper
Red Imprinted Diploma of Graduation Cover,Red,Paper
Royal Blue Imprinted Diploma of Graduation Cover,Royal Blue,Paper
Custom Diploma of Graduation,,Paper
Preschool Diploma of Graduation,,Paper
Kindergarten Diploma of Graduation,,Paper
Single Document Diploma Frame,,
Double Document Diploma Frame,,
Horizontal Double Document Diploma Frame,,
Triple Document Diploma Frame,,
Tassel and Diploma Frame,,
Diploma of Graduation,,Paper
Associates Hood (Shield),,
Deluxe Master Graduation Cap- Gown & Tassel,,Matte Finished Fabric
Shiny White Elementary Graduation Cap with Tassel ,White,Shiny  Tricot Fabric
Shiny White Middle School and Junior High Graduation Cap with Tassel,White,Shiny  Tricot Fabric
Shiny White High School Graduation Cap with Tassel ,White,Shiny  Tricot Fabric
Shiny White Faculty Staff Graduation Cap with Tassel ,White,Shiny  Tricot Fabric
Shiny White Technical and Vocational Graduation Cap with Tassel ,White,Shiny  Tricot Fabric
Shiny White College and University Graduation Cap with Tassel ,White,Shiny  Tricot Fabric
Shiny White Bachelor Graduation Cap with Tassel ,White,Shiny  Tricot Fabric
Shiny Silver Elementary Graduation Cap with Tassel ,Silver,Shiny  Tricot Fabric
Shiny Silver Middle School and Junior High Graduation Cap with Tassel,Silver,Shiny  Tricot Fabric
Shiny Silver High School Graduation Cap with Tassel ,Silver,Shiny  Tricot Fabric
Shiny Silver Faculty Staff Graduation Cap with Tassel ,Silver,Shiny  Tricot Fabric
Shiny Silver Technical and Vocational Graduation Cap with Tassel ,Silver,Shiny  Tricot Fabric
Shiny Silver College and University Graduation Cap with Tassel ,Silver,Shiny  Tricot Fabric
Shiny Silver Bachelor Graduation Cap with Tassel ,Silver,Shiny  Tricot Fabric
Shiny Light Blue Elementary Graduation Cap with Tassel ,Light Blue,Shiny  Tricot Fabric
Shiny Light Blue Middle School and Junior High Graduation Cap with Tassel,Light Blue,Shiny  Tricot Fabric
Shiny Light Blue High School Graduation Cap with Tassel ,Light Blue,Shiny  Tricot Fabric
Shiny Light Blue Faculty Staff Graduation Cap with Tassel ,Light Blue,Shiny  Tricot Fabric
Shiny Light Blue Technical and Vocational Graduation Cap with Tassel ,Light Blue,Shiny  Tricot Fabric
Shiny Light Blue College and University Graduation Cap with Tassel ,Light Blue,Shiny  Tricot Fabric
Shiny Light Blue Bachelor Graduation Cap with Tassel ,Light Blue,Shiny  Tricot Fabric
Shiny Royal Blue Elementary Graduation Cap with Tassel ,Royal Blue,Shiny  Tricot Fabric
Shiny Royal Blue Middle School and Junior High Graduation Cap with Tassel,Royal Blue,Shiny  Tricot Fabric
Shiny Royal Blue High School Graduation Cap with Tassel ,Royal Blue,Shiny  Tricot Fabric
Shiny Royal Blue Faculty Staff Graduation Cap with Tassel ,Royal Blue,Shiny  Tricot Fabric
Shiny Royal Blue Technical and Vocational Graduation Cap with Tassel ,Royal Blue,Shiny  Tricot Fabric
Shiny Royal Blue College and University Graduation Cap with Tassel ,Royal Blue,Shiny  Tricot Fabric
Shiny Royal Blue Bachelor Graduation Cap with Tassel ,Royal Blue,Shiny  Tricot Fabric
Shiny Navy Blue Elementary Graduation Cap with Tassel ,Navy Blue,Shiny  Tricot Fabric
Shiny Navy Blue Middle School and Junior High Graduation Cap with Tassel,Navy Blue,Shiny  Tricot Fabric
Shiny Navy Blue High School Graduation Cap with Tassel ,Navy Blue,Shiny  Tricot Fabric
Shiny Navy Blue Faculty Staff Graduation Cap with Tassel ,Navy Blue,Shiny  Tricot Fabric
Shiny Navy Blue Technical and Vocational Graduation Cap with Tassel ,Navy Blue,Shiny  Tricot Fabric
Shiny Navy Blue College and University Graduation Cap with Tassel ,Navy Blue,Shiny  Tricot Fabric
Shiny Navy Blue Bachelor Graduation Cap with Tassel ,Navy Blue,Shiny  Tricot Fabric
Shiny Purple Elementary Graduation Cap with Tassel ,Purple,Shiny  Tricot Fabric
Shiny Purple Middle School and Junior High Graduation Cap with Tassel,Purple,Shiny  Tricot Fabric
Shiny Purple High School Graduation Cap with Tassel ,Purple,Shiny  Tricot Fabric
Shiny Purple Faculty Staff Graduation Cap with Tassel ,Purple,Shiny  Tricot Fabric
Shiny Purple Technical and Vocational Graduation Cap with Tassel ,Purple,Shiny  Tricot Fabric
Shiny Purple College and University Graduation Cap with Tassel ,Purple,Shiny  Tricot Fabric
Shiny Purple Bachelor Graduation Cap with Tassel ,Purple,Shiny  Tricot Fabric
Shiny Gold Elementary Graduation Cap with Tassel ,Gold,Shiny  Tricot Fabric
Shiny Gold Middle School and Junior High Graduation Cap with Tassel,Gold,Shiny  Tricot Fabric
Shiny Gold High School Graduation Cap with Tassel ,Gold,Shiny  Tricot Fabric
Shiny Gold Faculty Staff Graduation Cap with Tassel ,Gold,Shiny  Tricot Fabric
Shiny Gold Technical and Vocational Graduation Cap with Tassel ,Gold,Shiny  Tricot Fabric
Shiny Gold College and University Graduation Cap with Tassel ,Gold,Shiny  Tricot Fabric
Shiny Gold Bachelor Graduation Cap with Tassel ,Gold,Shiny  Tricot Fabric
Shiny Orange Elementary Graduation Cap with Tassel ,Orange,Shiny  Tricot Fabric
Shiny Orange Middle School and Junior High Graduation Cap with Tassel,Orange,Shiny  Tricot Fabric
Shiny Orange High School Graduation Cap with Tassel ,Orange,Shiny  Tricot Fabric
Shiny Orange Faculty Staff Graduation Cap with Tassel ,Orange,Shiny  Tricot Fabric
Shiny Orange Technical and Vocational Graduation Cap with Tassel ,Orange,Shiny  Tricot Fabric
Shiny Orange College and University Graduation Cap with Tassel ,Orange,Shiny  Tricot Fabric
Shiny Orange Bachelor Graduation Cap with Tassel ,Orange,Shiny  Tricot Fabric
Shiny Pink Elementary Graduation Cap with Tassel ,Pink,Shiny  Tricot Fabric
Shiny Pink Middle School and Junior High Graduation Cap with Tassel,Pink,Shiny  Tricot Fabric
Shiny Pink High School Graduation Cap with Tassel ,Pink,Shiny  Tricot Fabric
Shiny Pink Faculty Staff Graduation Cap with Tassel ,Pink,Shiny  Tricot Fabric
Shiny Pink Technical and Vocational Graduation Cap with Tassel ,Pink,Shiny  Tricot Fabric
Shiny Pink College and University Graduation Cap with Tassel ,Pink,Shiny  Tricot Fabric
Shiny Pink Bachelor Graduation Cap with Tassel ,Pink,Shiny  Tricot Fabric
Shiny Red Elementary Graduation Cap with Tassel ,Red,Shiny  Tricot Fabric
Shiny Red Middle School and Junior High Graduation Cap with Tassel,Red,Shiny  Tricot Fabric
Shiny Red High School Graduation Cap with Tassel ,Red,Shiny  Tricot Fabric
Shiny Red Faculty Staff Graduation Cap with Tassel ,Red,Shiny  Tricot Fabric
Shiny Red Technical and Vocational Graduation Cap with Tassel ,Red,Shiny  Tricot Fabric
Shiny Red College and University Graduation Cap with Tassel ,Red,Shiny  Tricot Fabric
Shiny Red Bachelor Graduation Cap with Tassel ,Red,Shiny  Tricot Fabric
Shiny Maroon Elementary Graduation Cap with Tassel ,Maroon,Shiny  Tricot Fabric
Shiny Maroon Middle School and Junior High Graduation Cap with Tassel,Maroon,Shiny  Tricot Fabric
Shiny Maroon High School Graduation Cap with Tassel ,Maroon,Shiny  Tricot Fabric
Shiny Maroon Faculty Staff Graduation Cap with Tassel ,Maroon,Shiny  Tricot Fabric
Shiny Maroon Technical and Vocational Graduation Cap with Tassel ,Maroon,Shiny  Tricot Fabric
Shiny Maroon College and University Graduation Cap with Tassel ,Maroon,Shiny  Tricot Fabric
Shiny Maroon Bachelor Graduation Cap with Tassel ,Maroon,Shiny  Tricot Fabric
Shiny Brown Elementary Graduation Cap with Tassel ,Brown,Shiny  Tricot Fabric
Shiny Brown Middle School and Junior High Graduation Cap with Tassel,Brown,Shiny  Tricot Fabric
Shiny Brown High School Graduation Cap with Tassel ,Brown,Shiny  Tricot Fabric
Shiny Brown Faculty Staff Graduation Cap with Tassel ,Brown,Shiny  Tricot Fabric
Shiny Brown Technical and Vocational Graduation Cap with Tassel ,Brown,Shiny  Tricot Fabric
Shiny Brown College and University Graduation Cap with Tassel ,Brown,Shiny  Tricot Fabric
Shiny Brown Bachelor Graduation Cap with Tassel ,Brown,Shiny  Tricot Fabric
Shiny Green Elementary Graduation Cap with Tassel ,Green,Shiny  Tricot Fabric
Shiny Green Middle School and Junior High Graduation Cap with Tassel,Green,Shiny  Tricot Fabric
Shiny Green High School Graduation Cap with Tassel ,Green,Shiny  Tricot Fabric
Shiny Green Faculty Staff Graduation Cap with Tassel ,Green,Shiny  Tricot Fabric
Shiny Green Technical and Vocational Graduation Cap with Tassel ,Green,Shiny  Tricot Fabric
Shiny Green College and University Graduation Cap with Tassel ,Green,Shiny  Tricot Fabric
Shiny Green Bachelor Graduation Cap with Tassel ,Green,Shiny  Tricot Fabric
Shiny Emerald Green Elementary Graduation Cap with Tassel ,Green,Shiny  Tricot Fabric
Shiny Emerald Green Middle School and Junior High Graduation Cap with Tassel,Green,Shiny  Tricot Fabric
Shiny Emerald Green High School Graduation Cap with Tassel ,Green,Shiny  Tricot Fabric
Shiny Emerald Green Faculty Staff Graduation Cap with Tassel ,Green,Shiny  Tricot Fabric
Shiny Emerald Green Technical and Vocational Graduation Cap with Tassel ,Green,Shiny  Tricot Fabric
Shiny Emerald Green College and University Graduation Cap with Tassel ,Green,Shiny  Tricot Fabric
Shiny Emerald Green Bachelor Graduation Cap with Tassel ,Green,Shiny  Tricot Fabric
Shiny Hunter Green Elementary Graduation Cap with Tassel ,Hunter Green,Shiny  Tricot Fabric
Shiny Hunter Green Middle School and Junior High Graduation Cap with Tassel,Hunter Green,Shiny  Tricot Fabric
Shiny Hunter Green High School Graduation Cap with Tassel ,Hunter Green,Shiny  Tricot Fabric
Shiny Hunter Green Faculty Staff Graduation Cap with Tassel ,Hunter Green,Shiny  Tricot Fabric
Shiny Hunter Green Technical and Vocational Graduation Cap with Tassel ,Hunter Green,Shiny  Tricot Fabric
Shiny Hunter Green College and University Graduation Cap with Tassel ,Hunter Green,Shiny  Tricot Fabric
Shiny Hunter Green Bachelor Graduation Cap with Tassel ,Hunter Green,Shiny  Tricot Fabric
Shiny Black Elementary Graduation Cap with Tassel ,Black,Shiny  Tricot Fabric
Shiny Black Middle School and Junior High Graduation Cap with Tassel,Black,Shiny  Tricot Fabric
Shiny Black High School Graduation Cap with Tassel ,Black,Shiny  Tricot Fabric
Shiny Black Faculty Staff Graduation Cap with Tassel ,Black,Shiny  Tricot Fabric
Shiny Black Technical and Vocational Graduation Cap with Tassel ,Black,Shiny  Tricot Fabric
Shiny Black College and University Graduation Cap with Tassel ,Black,Shiny  Tricot Fabric
Shiny Black Bachelor Graduation Cap with Tassel ,Black,Shiny  Tricot Fabric
Matte White Elementary Graduation Cap with Tassel ,White,Matte Finished Fabric
Matte White Middle School and Junior High Graduation Cap with Tassel,White,Matte Finished Fabric
Matte White High School Graduation Cap with Tassel ,White,Matte Finished Fabric
Matte White Faculty Staff Graduation Cap with Tassel ,White,Matte Finished Fabric
Matte White Technical and Vocational Graduation Cap with Tassel ,White,Matte Finished Fabric
Matte White College and University Graduation Cap with Tassel ,White,Matte Finished Fabric
Matte White Bachelor Graduation Cap with Tassel ,White,Matte Finished Fabric
Matte Royal Blue Elementary Graduation Cap with Tassel ,Royal Blue,Matte Finished Fabric
Matte Royal Blue Middle School and Junior High Graduation Cap with Tassel,Royal Blue,Matte Finished Fabric
Matte Royal Blue High School Graduation Cap with Tassel ,Royal Blue,Matte Finished Fabric
Matte Royal Blue Faculty Staff Graduation Cap with Tassel ,Royal Blue,Matte Finished Fabric
Matte Royal Blue Technical and Vocational Graduation Cap with Tassel ,Royal Blue,Matte Finished Fabric
Matte Royal Blue College and University Graduation Cap with Tassel ,Royal Blue,Matte Finished Fabric
Matte Royal Blue Bachelor Graduation Cap with Tassel ,Royal Blue,Matte Finished Fabric
Matte Navy Blue Elementary Graduation Cap with Tassel ,Navy Blue,Matte Finished Fabric
Matte Navy Blue Middle School and Junior High Graduation Cap with Tassel,Navy Blue,Matte Finished Fabric
Matte Navy Blue High School Graduation Cap with Tassel ,Navy Blue,Matte Finished Fabric
Matte Navy Blue Faculty Staff Graduation Cap with Tassel ,Navy Blue,Matte Finished Fabric
Matte Navy Blue Technical and Vocational Graduation Cap with Tassel ,Navy Blue,Matte Finished Fabric
Matte Navy Blue College and University Graduation Cap with Tassel ,Navy Blue,Matte Finished Fabric
Matte Navy Blue Bachelor Graduation Cap with Tassel ,Navy Blue,Matte Finished Fabric
Matte Purple Elementary Graduation Cap with Tassel ,Purple,Matte Finished Fabric
Matte Purple Middle School and Junior High Graduation Cap with Tassel,Purple,Matte Finished Fabric
Matte Purple High School Graduation Cap with Tassel ,Purple,Matte Finished Fabric
Matte Purple Faculty Staff Graduation Cap with Tassel ,Purple,Matte Finished Fabric
Matte Purple Technical and Vocational Graduation Cap with Tassel ,Purple,Matte Finished Fabric
Matte Purple College and University Graduation Cap with Tassel ,Purple,Matte Finished Fabric
Matte Purple Bachelor Graduation Cap with Tassel ,Purple,Matte Finished Fabric
Matte Gold Elementary Graduation Cap with Tassel ,Gold,Matte Finished Fabric
Matte Gold Middle School and Junior High Graduation Cap with Tassel,Gold,Matte Finished Fabric
Matte Gold High School Graduation Cap with Tassel ,Gold,Matte Finished Fabric
Matte Gold Faculty Staff Graduation Cap with Tassel ,Gold,Matte Finished Fabric
Matte Gold Technical and Vocational Graduation Cap with Tassel ,Gold,Matte Finished Fabric
Matte Gold College and University Graduation Cap with Tassel ,Gold,Matte Finished Fabric
Matte Gold Bachelor Graduation Cap with Tassel ,Gold,Matte Finished Fabric
Matte Red Elementary Graduation Cap with Tassel ,Red,Matte Finished Fabric
Matte Red Middle School and Junior High Graduation Cap with Tassel,Red,Matte Finished Fabric
Matte Red High School Graduation Cap with Tassel ,Red,Matte Finished Fabric
Matte Red Faculty Staff Graduation Cap with Tassel ,Red,Matte Finished Fabric
Matte Red Technical and Vocational Graduation Cap with Tassel ,Red,Matte Finished Fabric
Matte Red College and University Graduation Cap with Tassel ,Red,Matte Finished Fabric
Matte Red Bachelor Graduation Cap with Tassel ,Red,Matte Finished Fabric
Matte Maroon Elementary Graduation Cap with Tassel ,Maroon,Matte Finished Fabric
Matte Maroon Middle School and Junior High Graduation Cap with Tassel,Maroon,Matte Finished Fabric
Matte Maroon High School Graduation Cap with Tassel ,Maroon,Matte Finished Fabric
Matte Maroon Faculty Staff Graduation Cap with Tassel ,Maroon,Matte Finished Fabric
Matte Maroon Technical and Vocational Graduation Cap with Tassel ,Maroon,Matte Finished Fabric
Matte Maroon College and University Graduation Cap with Tassel ,Maroon,Matte Finished Fabric
Matte Maroon Bachelor Graduation Cap with Tassel ,Maroon,Matte Finished Fabric
Matte Green Elementary Graduation Cap with Tassel ,Green,Matte Finished Fabric
Matte Green Middle School and Junior High Graduation Cap with Tassel,Green,Matte Finished Fabric
Matte Green High School Graduation Cap with Tassel ,Green,Matte Finished Fabric
Matte Green Faculty Staff Graduation Cap with Tassel ,Green,Matte Finished Fabric
Matte Green Technical and Vocational Graduation Cap with Tassel ,Green,Matte Finished Fabric
Matte Green College and University Graduation Cap with Tassel ,Green,Matte Finished Fabric
Matte Green Bachelor Graduation Cap with Tassel ,Green,Matte Finished Fabric
Matte Emerald Green Elementary Graduation Cap with Tassel ,Green,Matte Finished Fabric
Matte Emerald Green Middle School and Junior High Graduation Cap with Tassel,Green,Matte Finished Fabric
Matte Emerald Green High School Graduation Cap with Tassel ,Green,Matte Finished Fabric
Matte Emerald Green Faculty Staff Graduation Cap with Tassel ,Green,Matte Finished Fabric
Matte Emerald Green Technical and Vocational Graduation Cap with Tassel ,Green,Matte Finished Fabric
Matte Emerald Green College and University Graduation Cap with Tassel ,Green,Matte Finished Fabric
Matte Emerald Green Bachelor Graduation Cap with Tassel ,Green,Matte Finished Fabric
Matte Hunter Green Elementary Graduation Cap with Tassel ,Hunter Green,Matte Finished Fabric
Matte Hunter Green Middle School and Junior High Graduation Cap with Tassel,Hunter Green,Matte Finished Fabric
Matte Hunter Green High School Graduation Cap with Tassel ,Hunter Green,Matte Finished Fabric
Matte Hunter Green Faculty Staff Graduation Cap with Tassel ,Hunter Green,Matte Finished Fabric
Matte Hunter Green Technical and Vocational Graduation Cap with Tassel ,Hunter Green,Matte Finished Fabric
Matte Hunter Green College and University Graduation Cap with Tassel ,Hunter Green,Matte Finished Fabric
Matte Hunter Green Bachelor Graduation Cap with Tassel ,Hunter Green,Matte Finished Fabric
Matte Black Elementary Graduation Cap with Tassel ,Black,Matte Finished Fabric
Matte Black Middle School and Junior High Graduation Cap with Tassel,Black,Matte Finished Fabric
Matte Black High School Graduation Cap with Tassel ,Black,Matte Finished Fabric
Matte Black Faculty Staff Graduation Cap with Tassel ,Black,Matte Finished Fabric
Matte Black Technical and Vocational Graduation Cap with Tassel ,Black,Matte Finished Fabric
Matte Black College and University Graduation Cap with Tassel ,Black,Matte Finished Fabric
Matte Black Bachelor Graduation Cap with Tassel ,Black,Matte Finished Fabric
Shiny White Elementary Graduation Gown,White,Shiny Tricot Fabric
Shiny White Middle School and Junior High Graduation Gown,White,Shiny Tricot Fabric
Shiny White High School Graduation Gown,White,Shiny Tricot Fabric
Shiny White Faculty Staff Graduation Gown,White,Shiny Tricot Fabric
Shiny White Technical and Vocational Graduation Gown,White,Shiny Tricot Fabric
Shiny White College and University Graduation Gown,White,Shiny Tricot Fabric
Shiny White Bachelor Graduation Gown,White,Shiny Tricot Fabric
Shiny Silver Elementary Graduation Gown,Silver,Shiny Tricot Fabric
Shiny Silver Middle School and Junior High Graduation Gown,Silver,Shiny Tricot Fabric
Shiny Silver High School Graduation Gown,Silver,Shiny Tricot Fabric
Shiny Silver Faculty Staff Graduation Gown,Silver,Shiny Tricot Fabric
Shiny Silver Technical and Vocational Graduation Gown,Silver,Shiny Tricot Fabric
Shiny Silver College and University Graduation Gown,Silver,Shiny Tricot Fabric
Shiny Silver Bachelor Graduation Gown,Silver,Shiny Tricot Fabric
Shiny Light Blue Elementary Graduation Gown,Light Blue,Shiny Tricot Fabric
Shiny Light Blue Middle School and Junior High Graduation Gown,Light Blue,Shiny Tricot Fabric
Shiny Light Blue High School Graduation Gown,Light Blue,Shiny Tricot Fabric
Shiny Light Blue Faculty Staff Graduation Gown,Light Blue,Shiny Tricot Fabric
Shiny Light Blue Technical and Vocational Graduation Gown,Light Blue,Shiny Tricot Fabric
Shiny Light Blue College and University Graduation Gown,Light Blue,Shiny Tricot Fabric
Shiny Light Blue Bachelor Graduation Gown,Light Blue,Shiny Tricot Fabric
Shiny Royal Blue Elementary School Graduation Gown,Royal Blue,Shiny Tricot Fabric
Shiny Royal Blue Middle School and Junior High Graduation Gown,Royal Blue,Shiny Tricot Fabric
Shiny Royal Blue High School Graduation Gown,Royal Blue,Shiny Tricot Fabric
Shiny Royal Blue Faculty Staff Graduation Gown,Royal Blue,Shiny Tricot Fabric
Shiny Royal Blue Technical and Vocational Graduation Gown,Royal Blue,Shiny Tricot Fabric
Shiny Royal Blue College and University Graduation Gown,Royal Blue,Shiny Tricot Fabric
Shiny Royal Blue Bachelor Graduation Gown,Royal Blue,Shiny Tricot Fabric
Shiny Navy Blue Elementary Graduation Gown,Navy Blue,Shiny Tricot Fabric
Shiny Navy Blue Middle School and Junior High Graduation Gown,Navy Blue,Shiny Tricot Fabric
Shiny Navy Blue High School Graduation Gown,Navy Blue,Shiny Tricot Fabric
Shiny Navy Blue Faculty Staff Graduation Gown,Navy Blue,Shiny Tricot Fabric
Shiny Navy Blue Technical and Vocational Graduation Gown,Navy Blue,Shiny Tricot Fabric
Shiny Navy Blue College and University Graduation Gown,Navy Blue,Shiny Tricot Fabric
Shiny Navy Blue Bachelor Graduation Gown,Navy Blue,Shiny Tricot Fabric
Shiny Purple Elementary Graduation Gown,Purple,Shiny Tricot Fabric
Shiny Purple Middle School and Junior High Graduation Gown,Purple,Shiny Tricot Fabric
Shiny Purple High School Graduation Gown,Purple,Shiny Tricot Fabric
Shiny Purple Faculty Staff Graduation Gown,Purple,Shiny Tricot Fabric
Shiny Purple Technical and Vocational Graduation Gown,Purple,Shiny Tricot Fabric
Shiny Purple College and University Graduation Gown,Purple,Shiny Tricot Fabric
Shiny Purple Bachelor Graduation Gown,Purple,Shiny Tricot Fabric
Shiny Gold Elementary Graduation Gown,Gold,Shiny Tricot Fabric
Shiny Gold Middle School and Junior High Graduation Gown,Gold,Shiny Tricot Fabric
Shiny Gold High School Graduation Gown,Gold,Shiny Tricot Fabric
Shiny Gold Faculty Staff Graduation Gown,Gold,Shiny Tricot Fabric
Shiny Gold Technical and Vocational Graduation Gown,Gold,Shiny Tricot Fabric
Shiny Gold College and University Graduation Gown,Gold,Shiny Tricot Fabric
Shiny Gold Bachelor Graduation Gown,Gold,Shiny Tricot Fabric
Shiny Orange Elementary Graduation Gown,Orange,Shiny Tricot Fabric
Shiny Orange Middle School and Junior High Graduation Gown,Orange,Shiny Tricot Fabric
Shiny Orange High School Graduation Gown,Orange,Shiny Tricot Fabric
Shiny Orange Faculty Staff Graduation Gown,Orange,Shiny Tricot Fabric
Shiny Orange Technical and Vocational Graduation Gown,Orange,Shiny Tricot Fabric
Shiny Orange College and University Graduation Gown,Orange,Shiny Tricot Fabric
Shiny Orange Bachelor Graduation Gown,Orange,Shiny Tricot Fabric
Shiny Pink Elementary Graduation Gown,Pink,Shiny Tricot Fabric
Shiny Pink Middle School and Junior High Graduation Gown,Pink,Shiny Tricot Fabric
Shiny Pink High School Graduation Gown,Pink,Shiny Tricot Fabric
Shiny Pink Faculty Staff Graduation Gown,Pink,Shiny Tricot Fabric
Shiny Pink Technical and Vocational Graduation Gown,Pink,Shiny Tricot Fabric
Shiny Pink College and University Graduation Gown,Pink,Shiny Tricot Fabric
Shiny Pink Bachelor Graduation Gown,Pink,Shiny Tricot Fabric
Shiny Red Elementary Graduation Gown,Red,Shiny Tricot Fabric
Shiny Red Middle School and Junior High Graduation Gown,Red,Shiny Tricot Fabric
Shiny Red High School Graduation Gown,Red,Shiny Tricot Fabric
Shiny Red Faculty Staff Graduation Gown,Red,Shiny Tricot Fabric
Shiny Red Technical and Vocational Graduation Gown,Red,Shiny Tricot Fabric
Shiny Red College and University Graduation Gown,Red,Shiny Tricot Fabric
Shiny Red Bachelor Graduation Gown,Red,Shiny Tricot Fabric
Shiny Maroon Elementary Graduation Gown,Maroon,Shiny Tricot Fabric
Shiny Maroon Middle School and Junior High Graduation Gown,Maroon,Shiny Tricot Fabric
Shiny Maroon High School Graduation Gown,Maroon,Shiny Tricot Fabric
Shiny Maroon Faculty Staff Graduation Gown,Maroon,Shiny Tricot Fabric
Shiny Maroon Technical and Vocational Graduation Gown,Maroon,Shiny Tricot Fabric
Shiny Maroon College and University Graduation Gown,Maroon,Shiny Tricot Fabric
Shiny Maroon Bachelor Graduation Gown,Maroon,Shiny Tricot Fabric
Shiny Brown Elementary Graduation Gown,Brown,Shiny Tricot Fabric
Shiny Brown Middle School and Junior High Graduation Gown,Brown,Shiny Tricot Fabric
Shiny Brown High School Graduation Gown,Brown,Shiny Tricot Fabric
Shiny Brown Faculty Staff Graduation Gown,Brown,Shiny Tricot Fabric
Shiny Brown Technical and Vocational Graduation Gown,Brown,Shiny Tricot Fabric
Shiny Brown College and University Graduation Gown,Brown,Shiny Tricot Fabric
Shiny Brown Bachelor Graduation Gown,Brown,Shiny Tricot Fabric
Shiny Green Elementary Graduation Gown,Green,Shiny Tricot Fabric
Shiny Green Middle School and Junior High Graduation Gown,Green,Shiny Tricot Fabric
Shiny Green High School Graduation Gown,Green,Shiny Tricot Fabric
Shiny Green Faculty Staff Graduation Gown,Green,Shiny Tricot Fabric
Shiny Green Technical and Vocational Graduation Gown,Green,Shiny Tricot Fabric
Shiny Green College and University Graduation Gown,Green,Shiny Tricot Fabric
Shiny Green Bachelor Graduation Gown,Green,Shiny Tricot Fabric
Shiny Emerald Green Elementary Graduation Gown,Green,Shiny Tricot Fabric
Shiny Emerald Green Middle School and Junior High Graduation Gown,Green,Shiny Tricot Fabric
Shiny Emerald Green High School Graduation Gown,Green,Shiny Tricot Fabric
Shiny Emerald Green Faculty Staff Graduation Gown,Green,Shiny Tricot Fabric
Shiny Emerald Green Technical and Vocational Graduation Gown,Green,Shiny Tricot Fabric
Shiny Emerald Green College and University Graduation Gown,Green,Shiny Tricot Fabric
Shiny Emerald Green Bachelor Graduation Gown,Green,Shiny Tricot Fabric
Matte Hunter Green Elementary Graduation Gown,Hunter Green,Shiny Tricot Fabric
Matte Hunter Green Middle School and Junior High Graduation Gown,Hunter Green,Shiny Tricot Fabric
Matte Hunter Green High School Graduation Gown,Hunter Green,Shiny Tricot Fabric
Matte Hunter Green Faculty Staff Graduation Gown,Hunter Green,Shiny Tricot Fabric
Matte Hunter Green Technical and Vocational Graduation Gown,Hunter Green,Shiny Tricot Fabric
Matte Hunter Green College and University Graduation Gown,Hunter Green,Shiny Tricot Fabric
Matte Hunter Green Bachelor Graduation Gown,Hunter Green,Shiny Tricot Fabric
Shiny Black Elementary Graduation Gown,Black,Shiny Tricot Fabric
Shiny Black Middle School and Junior High Graduation Gown,Black,Shiny Tricot Fabric
Shiny Black High School Graduation Gown,Black,Shiny Tricot Fabric
Shiny Black Faculty Staff Graduation Gown,Black,Shiny Tricot Fabric
Shiny Black Technical and Vocational Graduation Gown,Black,Shiny Tricot Fabric
Shiny Black College and University Graduation Gown,Black,Shiny Tricot Fabric
Shiny Black Bachelor Graduation Gown,Black,Shiny Tricot Fabric
Matte White Elementary Graduation Gown,White,Matte Finished Fabric
Matte White Middle School and Junior High Graduation Gown,White,Matte Finished Fabric
Matte White High School Graduation Gown,White,Matte Finished Fabric
Matte White Faculty Staff Graduation Gown,White,Matte Finished Fabric
Matte White Technical and Vocational Graduation Gown,White,Matte Finished Fabric
Matte White College and University Graduation Gown,White,Matte Finished Fabric
Matte White Bachelor Graduation Gown,White,Matte Finished Fabric
Matte Royal Blue Elementary School Graduation Gown,Royal Blue,Matte Finished Fabric
Matte Royal Blue Middle School and Junior High Graduation Gown,Royal Blue,Matte Finished Fabric
Matte Royal Blue High School Graduation Gown,Royal Blue,Matte Finished Fabric
Matte Royal Blue Faculty Staff Graduation Gown,Royal Blue,Matte Finished Fabric
Matte Royal Blue Technical and Vocational Graduation Gown,Royal Blue,Matte Finished Fabric
Matte Royal Blue College and University Graduation Gown,Royal Blue,Matte Finished Fabric
Matte Royal Blue Bachelor Graduation Gown,Royal Blue,Matte Finished Fabric
Matte Navy Blue Elementary Graduation Gown,Navy Blue,Matte Finished Fabric
Matte Navy Blue Middle School and Junior High Graduation Gown,Navy Blue,Matte Finished Fabric
Matte Navy Blue High School Graduation Gown,Navy Blue,Matte Finished Fabric
Matte Navy Blue Faculty Staff Graduation Gown,Navy Blue,Matte Finished Fabric
Matte Navy Blue Technical and Vocational Graduation Gown,Navy Blue,Matte Finished Fabric
Matte Navy Blue College and University Graduation Gown,Navy Blue,Matte Finished Fabric
Matte Navy Blue Bachelor Graduation Gown,Navy Blue,Matte Finished Fabric
Matte Purple Elementary Graduation Gown,Purple,Matte Finished Fabric
Matte Purple Middle School and Junior High Graduation Gown,Purple,Matte Finished Fabric
Matte Purple High School Graduation Gown,Purple,Matte Finished Fabric
Matte Purple Faculty Staff Graduation Gown,Purple,Matte Finished Fabric
Matte Purple Technical and Vocational Graduation Gown,Purple,Matte Finished Fabric
Matte Purple College and University Graduation Gown,Purple,Matte Finished Fabric
Matte Purple Bachelor Graduation Gown,Purple,Matte Finished Fabric
Matte Gold Elementary Graduation Gown,Gold,Matte Finished Fabric
Matte Gold Middle School and Junior High Graduation Gown,Gold,Matte Finished Fabric
Matte Gold High School Graduation Gown,Gold,Matte Finished Fabric
Matte Gold Faculty Staff Graduation Gown,Gold,Matte Finished Fabric
Matte Gold Technical and Vocational Graduation Gown,Gold,Matte Finished Fabric
Matte Gold College and University Graduation Gown,Gold,Matte Finished Fabric
Matte Gold Bachelor Graduation Gown,Gold,Matte Finished Fabric
Matte Red Elementary Graduation Gown,Red,Matte Finished Fabric
Matte Red Middle School and Junior High Graduation Gown,Red,Matte Finished Fabric
Matte Red High School Graduation Gown,Red,Matte Finished Fabric
Matte Red Faculty Staff Graduation Gown,Red,Matte Finished Fabric
Matte Red Technical and Vocational Graduation Gown,Red,Matte Finished Fabric
Matte Red College and University Graduation Gown,Red,Matte Finished Fabric
Matte Red Bachelor Graduation Gown,Red,Matte Finished Fabric
Matte Maroon Elementary Graduation Gown,Maroon,Matte Finished Fabric
Matte Maroon Middle School and Junior High Graduation Gown,Maroon,Matte Finished Fabric
Matte Maroon High School Graduation Gown,Maroon,Matte Finished Fabric
Matte Maroon Faculty Staff Graduation Gown,Maroon,Matte Finished Fabric
Matte Maroon Technical and Vocational Graduation Gown,Maroon,Matte Finished Fabric
Matte Maroon College and University Graduation Gown,Maroon,Matte Finished Fabric
Matte Maroon Bachelor Graduation Gown,Maroon,Matte Finished Fabric
Matte Green Elementary Graduation Gown,Green,Matte Finished Fabric
Matte Green Middle School and Junior High Graduation Gown,Green,Matte Finished Fabric
Matte Green High School Graduation Gown,Green,Matte Finished Fabric
Matte Green Faculty Staff Graduation Gown,Green,Matte Finished Fabric
Matte Green Technical and Vocational Graduation Gown,Green,Matte Finished Fabric
Matte Green College and University Graduation Gown,Green,Matte Finished Fabric
Matte Green Bachelor Graduation Gown,Green,Matte Finished Fabric
Matte Emerald Green Elementary Graduation Gown,Green,Matte Finished Fabric
Matte Emerald Green Middle School and Junior High Graduation Gown,Green,Matte Finished Fabric
Matte Emerald Green High School Graduation Gown,Green,Matte Finished Fabric
Matte Emerald Green Faculty Staff Graduation Gown,Green,Matte Finished Fabric
Matte Emerald Green Technical and Vocational Graduation Gown,Green,Matte Finished Fabric
Matte Emerald Green College and University Graduation Gown,Green,Matte Finished Fabric
Matte Emerald Green Bachelor Graduation Gown,Green,Matte Finished Fabric
Matte Black Elementary Graduation Gown,Black,Matte Finished Fabric
Matte Black Middle School and Junior High Graduation Gown,Black,Matte Finished Fabric
Matte Black High School Graduation Gown,Black,Matte Finished Fabric
Matte Black Faculty Staff Graduation Gown,Black,Matte Finished Fabric
Matte Black Technical and Vocational Graduation Gown,Black,Matte Finished Fabric
Matte Black College and University Graduation Gown,Black,Matte Finished Fabric
Matte Black Bachelor Graduation Gown,Black,Matte Finished Fabric
Shiny White Elementary Graduation Cap- Gown & Tassel,White,Shiny Tricot Fabric
Shiny White Middle School and Junior High Graduation Cap- Gown & Tassel,White,Shiny Tricot Fabric
Shiny White High School Graduation Cap- Gown & Tassel,White,Shiny Tricot Fabric
Shiny White Faculty Staff Graduation Cap- Gown & Tassel,White,Shiny Tricot Fabric
Shiny White Technical and Vocational Graduation Cap- Gown & Tassel,White,Shiny Tricot Fabric
Shiny White College and University Graduation Cap- Gown & Tassel,White,Shiny Tricot Fabric
Shiny White Bachelor Graduation Cap- Gown & Tassel,White,Shiny Tricot Fabric
Shiny Silver Elementary Graduation Cap- Gown & Tassel,Silver,Shiny Tricot Fabric
Shiny Silver Middle School and Junior High Graduation Cap- Gown & Tassel,Silver,Shiny Tricot Fabric
Shiny Silver High School Graduation Cap- Gown & Tassel,Silver,Shiny Tricot Fabric
Shiny Silver Faculty Staff Graduation Cap- Gown & Tassel,Silver,Shiny Tricot Fabric
Shiny Silver Technical and Vocational Graduation Cap- Gown & Tassel,Silver,Shiny Tricot Fabric
Shiny Silver College and University Graduation Cap- Gown & Tassel,Silver,Shiny Tricot Fabric
Shiny Silver Bachelor Graduation Cap- Gown & Tassel,Silver,Shiny Tricot Fabric
Shiny Light Blue Elementary Graduation Cap- Gown & Tassel,Light Blue,Shiny Tricot Fabric
Shiny Light Blue Middle School and Junior High Graduation Cap- Gown & Tassel,Light Blue,Shiny Tricot Fabric
Shiny Light Blue High School Graduation Cap- Gown & Tassel,Light Blue,Shiny Tricot Fabric
Shiny Light Blue Faculty Staff Graduation Cap- Gown & Tassel,Light Blue,Shiny Tricot Fabric
Shiny Light Blue Technical and Vocational Graduation Cap- Gown & Tassel,Light Blue,Shiny Tricot Fabric
Shiny Light Blue College and University Graduation Cap- Gown & Tassel,Light Blue,Shiny Tricot Fabric
Shiny Light Blue Bachelor Graduation Cap- Gown & Tassel,Light Blue,Shiny Tricot Fabric
Shiny Royal Blue Elementary Graduation Cap- Gown & Tassel,Royal Blue,Shiny Tricot Fabric
Shiny Royal Blue Middle School and Junior High Graduation Cap- Gown & Tassel,Royal Blue,Shiny Tricot Fabric
Shiny Royal Blue High School Graduation Cap- Gown & Tassel,Royal Blue,Shiny Tricot Fabric
Shiny Royal Blue Faculty Staff Graduation Cap- Gown & Tassel,Royal Blue,Shiny Tricot Fabric
Shiny Royal Blue Technical and Vocational Graduation Cap- Gown & Tassel,Royal Blue,Shiny Tricot Fabric
Shiny Royal Blue College and University Graduation Cap- Gown & Tassel,Royal Blue,Shiny Tricot Fabric
Shiny Royal Blue Bachelor Graduation Cap- Gown & Tassel,Royal Blue,Shiny Tricot Fabric
Shiny Navy Blue Elementary Graduation Cap- Gown & Tassel,Navy Blue,Shiny Tricot Fabric
Shiny Navy Blue Middle School and Junior High Graduation Cap- Gown & Tassel,Navy Blue,Shiny Tricot Fabric
Shiny Navy Blue High School Graduation Cap- Gown & Tassel,Navy Blue,Shiny Tricot Fabric
Shiny Navy Blue Faculty Staff Graduation Cap- Gown & Tassel,Navy Blue,Shiny Tricot Fabric
Shiny Navy Blue Technical and Vocational Graduation Cap- Gown & Tassel,Navy Blue,Shiny Tricot Fabric
Shiny Navy Blue College and University Graduation Cap- Gown & Tassel,Navy Blue,Shiny Tricot Fabric
Shiny Navy Blue Bachelor Graduation Cap- Gown & Tassel,Navy Blue,Shiny Tricot Fabric
Shiny Purple Elementary Graduation Cap- Gown & Tassel,Purple,Shiny Tricot Fabric
Shiny Purple Middle School and Junior High Graduation Cap- Gown & Tassel,Purple,Shiny Tricot Fabric
Shiny Purple High School Graduation Cap- Gown & Tassel,Purple,Shiny Tricot Fabric
Shiny Purple Faculty Staff Graduation Cap- Gown & Tassel,Purple,Shiny Tricot Fabric
Shiny Purple Technical and Vocational Graduation Cap- Gown & Tassel,Purple,Shiny Tricot Fabric
Shiny Purple College and University Graduation Cap- Gown & Tassel,Purple,Shiny Tricot Fabric
Shiny Purple Bachelor Graduation Cap- Gown & Tassel,Purple,Shiny Tricot Fabric
Shiny Gold Elementary Graduation Cap- Gown & Tassel,Gold,Shiny Tricot Fabric
Shiny Gold Middle School and Junior High Graduation Cap- Gown & Tassel,Gold,Shiny Tricot Fabric
Shiny Gold High School Graduation Cap- Gown & Tassel,Gold,Shiny Tricot Fabric
Shiny Gold Faculty Staff Graduation Cap- Gown & Tassel,Gold,Shiny Tricot Fabric
Shiny Gold Technical and Vocational Graduation Cap- Gown & Tassel,Gold,Shiny Tricot Fabric
Shiny Gold College and University Graduation Cap- Gown & Tassel,Gold,Shiny Tricot Fabric
Shiny Gold Bachelor Graduation Cap- Gown & Tassel,Gold,Shiny Tricot Fabric
Shiny Orange Elementary Graduation Cap- Gown & Tassel,Orange,Shiny Tricot Fabric
Shiny Orange Middle School and Junior High Graduation Cap- Gown & Tassel,Orange,Shiny Tricot Fabric
Shiny Orange High School Graduation Cap- Gown & Tassel,Orange,Shiny Tricot Fabric
Shiny Orange Faculty Staff Graduation Cap- Gown & Tassel,Orange,Shiny Tricot Fabric
Shiny Orange Technical and Vocational Graduation Cap- Gown & Tassel,Orange,Shiny Tricot Fabric
Shiny Orange College and University Graduation Cap- Gown & Tassel,Orange,Shiny Tricot Fabric
Shiny Orange Bachelor Graduation Cap- Gown & Tassel,Orange,Shiny Tricot Fabric
Shiny Pink Elementary Graduation Cap- Gown & Tassel,Pink,Shiny Tricot Fabric
Shiny Pink Middle School and Junior High Graduation Cap- Gown & Tassel,Pink,Shiny Tricot Fabric
Shiny Pink High School Graduation Cap- Gown & Tassel,Pink,Shiny Tricot Fabric
Shiny Pink Faculty Staff Graduation Cap- Gown & Tassel,Pink,Shiny Tricot Fabric
Shiny Pink Technical and Vocational Graduation Cap- Gown & Tassel,Pink,Shiny Tricot Fabric
Shiny Pink College and University Graduation Cap- Gown & Tassel,Pink,Shiny Tricot Fabric
Shiny Pink Bachelor Graduation Cap- Gown & Tassel,Pink,Shiny Tricot Fabric
Shiny Red Elementary Graduation Cap- Gown & Tassel,Red,Shiny Tricot Fabric
Shiny Red Middle School and Junior High Graduation Cap- Gown & Tassel,Red,Shiny Tricot Fabric
Shiny Red High School Graduation Cap- Gown & Tassel,Red,Shiny Tricot Fabric
Shiny Red Faculty Staff Graduation Cap- Gown & Tassel,Red,Shiny Tricot Fabric
Shiny Red Technical and Vocational Graduation Cap- Gown & Tassel,Red,Shiny Tricot Fabric
Shiny Red College and University Graduation Cap- Gown & Tassel,Red,Shiny Tricot Fabric
Shiny Red Bachelor Graduation Cap- Gown & Tassel,Red,Shiny Tricot Fabric
Shiny Maroon Elementary Graduation Cap- Gown & Tassel,Maroon,Shiny Tricot Fabric
Shiny Maroon Middle School and Junior High Graduation Cap- Gown & Tassel,Maroon,Shiny Tricot Fabric
Shiny Maroon High School Graduation Cap- Gown & Tassel,Maroon,Shiny Tricot Fabric
Shiny Maroon Faculty Staff Graduation Cap- Gown & Tassel,Maroon,Shiny Tricot Fabric
Shiny Maroon Technical and Vocational Graduation Cap- Gown & Tassel,Maroon,Shiny Tricot Fabric
Shiny Maroon College and University Graduation Cap- Gown & Tassel,Maroon,Shiny Tricot Fabric
Shiny Maroon Bachelor Graduation Cap- Gown & Tassel,Maroon,Shiny Tricot Fabric
Shiny Brown Elementary Graduation Cap- Gown & Tassel,Brown,Shiny Tricot Fabric
Shiny Brown Middle School and Junior High Graduation Cap- Gown & Tassel,Brown,Shiny Tricot Fabric
Shiny Brown High School Graduation Cap- Gown & Tassel,Brown,Shiny Tricot Fabric
Shiny Brown Faculty Staff Graduation Cap- Gown & Tassel,Brown,Shiny Tricot Fabric
Shiny Brown Technical and Vocational Graduation Cap- Gown & Tassel,Brown,Shiny Tricot Fabric
Shiny Brown College and University Graduation Cap- Gown & Tassel,Brown,Shiny Tricot Fabric
Shiny Brown Bachelor Graduation Cap- Gown & Tassel,Brown,Shiny Tricot Fabric
Shiny Green Elementary Graduation Cap- Gown & Tassel,Green,Shiny Tricot Fabric
Shiny Green Middle School and Junior High Graduation Cap- Gown & Tassel,Green,Shiny Tricot Fabric
Shiny Green High School Graduation Cap- Gown & Tassel,Green,Shiny Tricot Fabric
Shiny Green Faculty Staff Graduation Cap- Gown & Tassel,Green,Shiny Tricot Fabric
Shiny Green Technical and Vocational Graduation Cap- Gown & Tassel,Green,Shiny Tricot Fabric
Shiny Green College and University Graduation Cap- Gown & Tassel,Green,Shiny Tricot Fabric
Shiny Green Bachelor Graduation Cap- Gown & Tassel,Green,Shiny Tricot Fabric
Shiny Emerald Green Elementary Graduation Cap- Gown & Tassel,Green,Shiny Tricot Fabric
Shiny Emerald Green Middle School and Junior High Graduation Cap- Gown & Tassel,Green,Shiny Tricot Fabric
Shiny Emerald Green High School Graduation Cap- Gown & Tassel,Green,Shiny Tricot Fabric
Shiny Emerald Green Faculty Staff Graduation Cap- Gown & Tassel,Green,Shiny Tricot Fabric
Shiny Emerald Green Technical and Vocational Graduation Cap- Gown & Tassel,Green,Shiny Tricot Fabric
Shiny Emerald Green College and University Graduation Cap- Gown & Tassel,Green,Shiny Tricot Fabric
Shiny Emerald Green Bachelor Graduation Cap- Gown & Tassel,Green,Shiny Tricot Fabric
Shiny Hunter Green Elementary Graduation Cap- Gown & Tassel,Hunter Green,Shiny Tricot Fabric
Shiny Hunter Green Middle School and Junior High Graduation Cap- Gown & Tassel,Hunter Green,Shiny Tricot Fabric
Shiny Hunter Green High School Graduation Cap- Gown & Tassel,Hunter Green,Shiny Tricot Fabric
Shiny Hunter Green Faculty Staff Graduation Cap- Gown & Tassel,Hunter Green,Shiny Tricot Fabric
Shiny Hunter Green Technical and Vocational Graduation Cap- Gown & Tassel,Hunter Green,Shiny Tricot Fabric
Shiny Hunter Green College and University Graduation Cap- Gown & Tassel,Hunter Green,Shiny Tricot Fabric
Shiny Hunter Green Bachelor Graduation Cap- Gown & Tassel,Hunter Green,Shiny Tricot Fabric
Shiny Black Elementary Graduation Cap- Gown & Tassel,Black,Shiny Tricot Fabric
Shiny Black Middle School and Junior High Graduation Cap- Gown & Tassel,Black,Shiny Tricot Fabric
Shiny Black High School Graduation Cap- Gown & Tassel,Black,Shiny Tricot Fabric
Shiny Black Faculty Staff Graduation Cap- Gown & Tassel,Black,Shiny Tricot Fabric
Shiny Black Technical and Vocational Graduation Cap- Gown & Tassel,Black,Shiny Tricot Fabric
Shiny Black College and University Graduation Cap- Gown & Tassel,Black,Shiny Tricot Fabric
Shiny Black Bachelor Graduation Cap- Gown & Tassel,Black,Shiny Tricot Fabric
Matte White Elementary Graduation Cap- Gown & Tassel,White,Matte Finished Fabric
Matte White Middle School and Junior High Graduation Cap- Gown & Tassel,White,Matte Finished Fabric
Matte White High School Graduation Cap- Gown & Tassel,White,Matte Finished Fabric
Matte White Faculty Staff Graduation Cap- Gown & Tassel,White,Matte Finished Fabric
Matte White Technical and Vocational Graduation Cap- Gown & Tassel,White,Matte Finished Fabric
Matte White College and University Graduation Cap- Gown & Tassel,White,Matte Finished Fabric
Matte White Bachelor Graduation Cap- Gown & Tassel,White,Matte Finished Fabric
Matte Royal Blue Elementary Graduation Cap- Gown & Tassel,Royal Blue,Matte Finished Fabric
Matte Royal Blue Middle School and Junior High Graduation Cap- Gown & Tassel,Royal Blue,Matte Finished Fabric
Matte Royal Blue High School Graduation Cap- Gown & Tassel,Royal Blue,Matte Finished Fabric
Matte Royal Blue Faculty Staff Graduation Cap- Gown & Tassel,Royal Blue,Matte Finished Fabric
Matte Royal Blue Technical and Vocational Graduation Cap- Gown & Tassel,Royal Blue,Matte Finished Fabric
Matte Royal Blue College and University Graduation Cap- Gown & Tassel,Royal Blue,Matte Finished Fabric
Matte Royal Blue Bachelor Graduation Cap- Gown & Tassel,Royal Blue,Matte Finished Fabric
Matte Navy Blue Elementary Graduation Cap- Gown & Tassel,Navy Blue,Matte Finished Fabric
Matte Navy Blue Middle School and Junior High Graduation Cap- Gown & Tassel,Navy Blue,Matte Finished Fabric
Matte Navy Blue High School Graduation Cap- Gown & Tassel,Navy Blue,Matte Finished Fabric
Matte Navy Blue Faculty Staff Graduation Cap- Gown & Tassel,Navy Blue,Matte Finished Fabric
Matte Navy Blue Technical and Vocational Graduation Cap- Gown & Tassel,Navy Blue,Matte Finished Fabric
Matte Navy Blue College and University Graduation Cap- Gown & Tassel,Navy Blue,Matte Finished Fabric
Matte Navy Blue Bachelor Graduation Cap- Gown & Tassel,Navy Blue,Matte Finished Fabric
Matte Purple Elementary Graduation Cap- Gown & Tassel,Purple,Matte Finished Fabric
Matte Purple Middle School and Junior High Graduation Cap- Gown & Tassel,Purple,Matte Finished Fabric
Matte Purple High School Graduation Cap- Gown & Tassel,Purple,Matte Finished Fabric
Matte Purple Faculty Staff Graduation Cap- Gown & Tassel,Purple,Matte Finished Fabric
Matte Purple Technical and Vocational Graduation Cap- Gown & Tassel,Purple,Matte Finished Fabric
Matte Purple College and University Graduation Cap- Gown & Tassel,Purple,Matte Finished Fabric
Matte Purple Bachelor Graduation Cap- Gown & Tassel,Purple,Matte Finished Fabric
Matte Gold Elementary Graduation Cap- Gown & Tassel,Gold,Matte Finished Fabric
Matte Gold Middle School and Junior High Graduation Cap- Gown & Tassel,Gold,Matte Finished Fabric
Matte Gold High School Graduation Cap- Gown & Tassel,Gold,Matte Finished Fabric
Matte Gold Faculty Staff Graduation Cap- Gown & Tassel,Gold,Matte Finished Fabric
Matte Gold Technical and Vocational Graduation Cap- Gown & Tassel,Gold,Matte Finished Fabric
Matte Gold College and University Graduation Cap- Gown & Tassel,Gold,Matte Finished Fabric
Matte Gold Bachelor Graduation Cap- Gown & Tassel,Gold,Matte Finished Fabric
Matte Red Elementary Graduation Cap- Gown & Tassel,Red,Matte Finished Fabric
Matte Red Middle School and Junior High Graduation Cap- Gown & Tassel,Red,Matte Finished Fabric
Matte Red High School Graduation Cap- Gown & Tassel,Red,Matte Finished Fabric
Matte Red Faculty Staff Graduation Cap- Gown & Tassel,Red,Matte Finished Fabric
Matte Red Technical and Vocational Graduation Cap- Gown & Tassel,Red,Matte Finished Fabric
Matte Red College and University Graduation Cap- Gown & Tassel,Red,Matte Finished Fabric
Matte Red Bachelor Graduation Cap- Gown & Tassel,Red,Matte Finished Fabric
Matte Maroon Elementary Graduation Cap- Gown & Tassel,Maroon,Matte Finished Fabric
Matte Maroon Middle School and Junior High Graduation Cap- Gown & Tassel,Maroon,Matte Finished Fabric
Matte Maroon High School Graduation Cap- Gown & Tassel,Maroon,Matte Finished Fabric
Matte Maroon Faculty Staff Graduation Cap- Gown & Tassel,Maroon,Matte Finished Fabric
Matte Maroon Technical and Vocational Graduation Cap- Gown & Tassel,Maroon,Matte Finished Fabric
Matte Maroon College and University Graduation Cap- Gown & Tassel,Maroon,Matte Finished Fabric
Matte Maroon Bachelor Graduation Cap- Gown & Tassel,Maroon,Matte Finished Fabric
Matte Green Elementary Graduation Cap- Gown & Tassel,Green,Matte Finished Fabric
Matte Green Middle School and Junior High Graduation Cap- Gown & Tassel,Green,Matte Finished Fabric
Matte Green High School Graduation Cap- Gown & Tassel,Green,Matte Finished Fabric
Matte Green Faculty Staff Graduation Cap- Gown & Tassel,Green,Matte Finished Fabric
Matte Green Technical and Vocational Graduation Cap- Gown & Tassel,Green,Matte Finished Fabric
Matte Green College and University Graduation Cap- Gown & Tassel,Green,Matte Finished Fabric
Matte Green Bachelor Graduation Cap- Gown & Tassel,Green,Matte Finished Fabric
Matte Emerald Green Elementary Graduation Cap- Gown & Tassel,Green,Matte Finished Fabric
Matte Emerald Green Middle School and Junior High Graduation Cap- Gown & Tassel,Green,Matte Finished Fabric
Matte Emerald Green High School Graduation Cap- Gown & Tassel,Green,Matte Finished Fabric
Matte Emerald Green Faculty Staff Graduation Cap- Gown & Tassel,Green,Matte Finished Fabric
Matte Emerald Green Technical and Vocational Graduation Cap- Gown & Tassel,Green,Matte Finished Fabric
Matte Emerald Green College and University Graduation Cap- Gown & Tassel,Green,Matte Finished Fabric
Matte Emerald Green Bachelor Graduation Cap- Gown & Tassel,Green,Matte Finished Fabric
Matte Hunter Green Elementary Graduation Cap- Gown & Tassel,Hunter Green,Matte Finished Fabric
Matte Hunter Green Middle School and Junior High Graduation Cap- Gown & Tassel,Hunter Green,Matte Finished Fabric
Matte Hunter Green High School Graduation Cap- Gown & Tassel,Hunter Green,Matte Finished Fabric
Matte Hunter Green Faculty Staff Graduation Cap- Gown & Tassel,Hunter Green,Matte Finished Fabric
Matte Hunter Green Technical and Vocational Graduation Cap- Gown & Tassel,Hunter Green,Matte Finished Fabric
Matte Hunter Green College and University Graduation Cap- Gown & Tassel,Hunter Green,Matte Finished Fabric
Matte Hunter Green Bachelor Graduation Cap- Gown & Tassel,Hunter Green,Matte Finished Fabric
Matte Black Elementary Graduation Cap- Gown & Tassel,Black,Matte Finished Fabric
Matte Black Middle School and Junior High Graduation Cap- Gown & Tassel,Black,Matte Finished Fabric
Matte Black High School Graduation Cap- Gown & Tassel,Black,Matte Finished Fabric
Matte Black Faculty Staff Graduation Cap- Gown & Tassel,Black,Matte Finished Fabric
Matte Black Technical and Vocational Graduation Cap- Gown & Tassel,Black,Matte Finished Fabric
Matte Black College and University Graduation Cap- Gown & Tassel,Black,Matte Finished Fabric
Matte Black Bachelor Graduation Cap- Gown & Tassel,Black,Matte Finished Fabric
Shiny Hunter Green College and University Graduation Gown,Hunter Green,Shiny  Tricot Fabric
Shiny Hunter Green Bachelor Graduation Gown,Hunter Green,Shiny Tricot Fabric
Shiny Hunter Green College and University Graduation Gown,Hunter Green,Shiny Tricot Fabric
Shiny Hunter Green Technical and Vocational Graduation Gown,Hunter Green,Shiny Tricot Fabric
Shiny Hunter Green Faculty Staff Graduation Gown,Hunter Green,Shiny Tricot Fabric
Shiny Hunter Green High School Graduation Gown,Hunter Green,Shiny Tricot Fabric
Shiny Hunter Green Middle School and Junior High Graduation Gown,Hunter Green,Shiny Tricot Fabric
Shiny Hunter Green Elementary Graduation Gown,Hunter Green,Shiny Tricot Fabric
Shiny Maroon Elementary Graduation Cap with Tassel ,Maroon,Shiny  Tricot Fabric