shiny-white-graduation-collar,Shiny White Graduation Collar, https://cdn.shopify.com/s/files/1/0780/4793/6800/files/gw-ac-cr-001-1_3.jpg,8.95,<p><b>Shiny White Graduation Collar.</b> To give your graduation day look an edge; a shiny white collar is a great addition to a graduation gown which to give you added distinction. Made from high quality shiny tricot fabric; the graduation collar is the cost effective neckline accessory to finish off your graduation clothing and make for an extra special day. Order graduation gown collars in bulk to save even more on this classic accessory!</p>,Buy a white graduation collar to transform normal necklines and give plain graduation gowns distinction. Graduation World's collars are made from only high quality tricot fabric., White Graduation Collar | Graduation Gown Collar, graduationworld, tassel, caps_with_tassel, Apparel & Accessories > Clothing, Default, TRUE,1, FALSE, active ,
shiny-royal-blue-graduation-collar,Shiny Royal Blue Graduation Collar, https://cdn.shopify.com/s/files/1/0780/4793/6800/files/gw-ac-cr-002-1_3.jpg,8.95,<p><b>Shiny Royal Blue Collar.</b> To give your graduation day look an edge; a shiny royal blue collar is a great addition to a graduation gown which to give you added distinction. Made from high quality shiny tricot fabric; the graduation collar is the cost effective neckline accessory to finish off your graduation clothing and make for an extra special day. Order in bulk to save even more on this classic graduation accessory!</p>,Shiny Royal Blue Collar. To give your graduation day look an edge; a shiny royal blue collar is a great addition to a graduation gown which to give you added distinction, Shiny Royal Blue Collar | Elementary Accessories | Graduation World, graduationworld, tassel, caps_with_tassel, Apparel & Accessories > Clothing, Default, TRUE,1, FALSE, active ,
shiny-red-graduation-collar,Shiny Red Graduation Collar , https://cdn.shopify.com/s/files/1/0780/4793/6800/files/gw-ac-cr-003-1_3.jpg,8.95,<p><b>Shiny Red Graduation Collar.</b> To give your graduation day look an edge; a shiny red collar is a great addition to a graduation gown which to give you added distinction. Made from high quality shiny tricot fabric; this cap and gown collar is the cost effective neckline accessory to finish off your graduation clothing and make for an extra special day. Order in bulk to save even more on this classic graduation accessory!</p>,Stand out in the crowd by purchasing this shiny red graduation collar from Graduation World. It is made from high quality tricot fabric and will look great with your cap and gown., Red Graduation Collar | Shiny Red Cap and Gown Collar, graduationworld, tassel, caps_with_tassel, Apparel & Accessories > Clothing, Default, TRUE,1, FALSE, active ,
white-graduation-tassel,White Graduation Tassel, https://cdn.shopify.com/s/files/1/0780/4793/6800/files/high_school_one_color_tassel_bling_18.jpg,4.95,"<p><b>White Graduation Tassel.</b> The tassel is an essential part of graduation regalia. The graduation tassel position can represent whether the student has received their diploma or not; and therefore no graduation outfit is complete without one.  Made from high quality poly/rayon bended cord; Graduation World's tassels are 9"" long and each come with a commemorative year drop to signify year of graduation. This graduation accessory is definitely something to keep to remember your academic achievement. Buy grad cap tassels in bulk now for extra savings!</p> ",Buy this white graduation tassel to go with Graduation World's high quality white caps and gowns. This grad cap tassel comes with a graduation year charm to complete the outfit., White Graduation Tassel | Grad Cap Tassel | Graduation World, graduationworld, tassel, caps_with_tassel, Apparel & Accessories > Clothing, Default, TRUE,1, FALSE, active ,
,, https://cdn.shopify.com/s/files/1/0780/4793/6800/files/high_school_white_one_color_tassel_2018-2.jpg,,,, , , , , , ,, ,  ,,
,, https://cdn.shopify.com/s/files/1/0780/4793/6800/files/high_school_white_one_color_tassel_2018.jpg,,,, , , , , , ,, ,  ,,
silver-graduation-tassel,Silver Graduation Tassel, https://cdn.shopify.com/s/files/1/0780/4793/6800/files/high_school_silver_one_color_tassel_2018-2.jpg,4.95,"<p><b>Silver Tassel.</b> The tassel is an essential part of graduation regalia. The position of the tassel can represent whether the student has graduated or not; and therefore no graduation outfit is complete without one. Made from high quality poly/rayon bended cord; Graduation World's tassels are 9"" long and each come with a commemorative year drop to signify year of graduation. This graduation accessory is definitely something to keep to remember your academic achievement. Buy in bulk now for extra savings!</p> ",Silver Tassel. The tassel is an essential part of graduation regalia, Silver Tassel | Elementary Accessories | Graduation World, graduationworld, tassel, caps_with_tassel, Apparel & Accessories > Clothing, Default, TRUE,1, FALSE, active ,
,, https://cdn.shopify.com/s/files/1/0780/4793/6800/files/high_school_silver_one_color_tassel_2018.jpg,,,, , , , , , ,, ,  ,,
,, https://cdn.shopify.com/s/files/1/0780/4793/6800/files/silver_high_school_one_color_tassel_bling_18.jpg,,,, , , , , , ,, ,  ,,
light-blue-graduation-tassel,Light Blue Graduation Tassel, https://cdn.shopify.com/s/files/1/0780/4793/6800/files/high_school_lighe_blue_one_color_tassel_2018.jpg,4.95,"<p><b>Light Blue Tassel.</b> The tassel is an essential part of graduation regalia. The position of the tassel can represent whether the student has graduated or not; and therefore no graduation outfit is complete without one. Made from high quality poly/rayon bended cord; Graduation World's tassels are 9"" long and each come with a commemorative year drop to signify year of graduation. This graduation accessory is definitely something to keep to remember your academic achievement. Buy in bulk now for extra savings!</p> ",Light Blue Tassel. The tassel is an essential part of graduation regalia, Light Blue Tassel | Elementary Accessories | Graduation World, graduationworld, tassel, caps_with_tassel, Apparel & Accessories > Clothing, Default, TRUE,1, FALSE, active ,
,, https://cdn.shopify.com/s/files/1/0780/4793/6800/files/light_blue_high_school_one_color_tassel_bling_18.jpg,,,, , , , , , ,, ,  ,,
,, https://cdn.shopify.com/s/files/1/0780/4793/6800/files/high_school_light_blue_one_color_tassel_2018-2.jpg,,,, , , , , , ,, ,  ,,
royal-blue-graduation-tassel,Royal Blue Graduation Tassel, https://cdn.shopify.com/s/files/1/0780/4793/6800/files/high_school_royal_blue_one_color_tassel_2018-2.jpg,4.95,"<p><b>Royal Blue Tassel.</b> The tassel is an essential part of graduation regalia. The position of the tassel can represent whether the student has graduated or not; and therefore no graduation outfit is complete without one. Made from high quality poly/rayon bended cord; Graduation World's tassels are 9"" long and each come with a commemorative year drop to signify year of graduation. This graduation accessory is definitely something to keep to remember your academic achievement. Buy in bulk now for extra savings!</p> ",Royal Blue Tassel. The tassel is an essential part of graduation regalia, Royal Blue Tassel | Elementary Accessories | Graduation World, graduationworld, tassel, caps_with_tassel, Apparel & Accessories > Clothing, Default, TRUE,1, FALSE, active ,
,, https://cdn.shopify.com/s/files/1/0780/4793/6800/files/high_school_royal_blue_one_color_tassel_2018.jpg,,,, , , , , , ,, ,  ,,
,, https://cdn.shopify.com/s/files/1/0780/4793/6800/files/royal_blue_high_school_one_color_tassel_bling_18.jpg,,,, , , , , , ,, ,  ,,
navy-blue-graduation-tassel,Navy Blue Graduation Tassel, https://cdn.shopify.com/s/files/1/0780/4793/6800/files/high_school_navy_one_color_tassel_2018-2.jpg,4.95,"<p><b>Navy Blue Tassel.</b> The tassel is an essential part of graduation regalia. The position of the tassel can represent whether the student has graduated or not; and therefore no graduation outfit is complete without one. Made from high quality poly/rayon bended cord; Graduation World's tassels are 9"" long and each come with a commemorative year drop to signify year of graduation. This graduation accessory is definitely something to keep to remember your academic achievement. Buy in bulk now for extra savings!</p> ",Navy Blue Tassel. The tassel is an essential part of graduation regalia, Navy Blue Tassel | Elementary Accessories | Graduation World, graduationworld, tassel, caps_with_tassel, Apparel & Accessories > Clothing, Default, TRUE,1, FALSE, active ,
,, https://cdn.shopify.com/s/files/1/0780/4793/6800/files/navy_high_school_one_color_tassel_bling_18.jpg,,,, , , , , , ,, ,  ,,
,, https://cdn.shopify.com/s/files/1/0780/4793/6800/files/high_school_navy_one_color_tassel_2018.jpg,,,, , , , , , ,, ,  ,,
purple-graduation-tassel,Purple Graduation Tassel, https://cdn.shopify.com/s/files/1/0780/4793/6800/files/high_school_purple_one_color_tassel_2018-2.jpg,4.95,"<p><b>Purple Graduation Tassel.</b> The tassel is an essential part of graduation regalia. The position of the tassel can represent whether the student has graduated or not; and therefore no graduation outfit is complete without one. Made from high quality poly/rayon bended cord; Graduation World's tassels are 9"" long and each come with a commemorative year drop to signify year of graduation. This graduation accessory is definitely something to keep to remember your academic achievement. Buy commencement tassels in bulk now for extra savings!</p> ",Purchase this purple tassel online today to complete your graduation look. To make it more special, our commencement tassels also include a year charm., Purple Graduation Tassel | Commencement Tassel, graduationworld, tassel, caps_with_tassel, Apparel & Accessories > Clothing, Default, TRUE,1, FALSE, active 
,, https://cdn.shopify.com/s/files/1/0780/4793/6800/files/high_school_purple_one_color_tassel_2018.jpg,,,, , , , , , ,, ,  ,,
,, https://cdn.shopify.com/s/files/1/0780/4793/6800/files/purple_high_school_one_color_tassel_bling_18.jpg,,,, , , , , , ,, ,  ,,
gold-graduation-tassel,Gold Graduation Tassel, https://cdn.shopify.com/s/files/1/0780/4793/6800/files/high_school_gold_one_color_tassel_2018.jpg,4.95,"<p><b>Gold Graduation Tassel.</b> The tassel is an essential part of graduation regalia. The position of the tassel can represent whether the student has graduated or not; and therefore no graduation outfit is complete without one. Made from high quality poly/rayon bended cord; Graduation World's tassels are 9"" long and each come with a commemorative year drop to signify year of graduation. This graduation accessory is definitely something to keep to remember your academic achievement. Buy commencement tassels in bulk now for extra savings!</p> ",Include this gold tassel with the rest of your graduation regalia and you'll shine from head to toe. Order commencement tassels individually or in bulk from Graduation World today., Gold Graduation Tassel | Commencement Tassel for Sale, graduationworld, tassel, caps_with_tassel, Apparel & Accessories > Clothing, Default, TRUE,1, FALSE, active ,
,, https://cdn.shopify.com/s/files/1/0780/4793/6800/files/high_school_gold_one_color_tassel_2018-2.jpg,,,, , , , , , ,, ,  ,,
,, https://cdn.shopify.com/s/files/1/0780/4793/6800/files/gold_high_school_one_color_tassel_bling_18.jpg,,,, , , , , , ,, ,  ,,
antique-gold-graduation-tassel,Antique Gold Graduation Tassel, https://cdn.shopify.com/s/files/1/0780/4793/6800/files/high_school_antique_gold_one_color_tassel_2018-1.jpg,4.95,"<p><b>Antique Gold Tassel.</b> The tassel is an essential part of graduation regalia. The position of the tassel can represent whether the student has graduated or not; and therefore no graduation outfit is complete without one. Made from high quality poly/rayon bended cord; Graduation World's tassels are 9"" long and each come with a commemorative year drop to signify year of graduation. This graduation accessory is definitely something to keep to remember your academic achievement. Buy in bulk now for extra savings!</p> ",Antique Gold Tassel. The tassel is an essential part of graduation regalia, Antique Gold Tassel | Elementary Accessories | Graduation World, graduationworld, tassel, caps_with_tassel, Apparel & Accessories > Clothing, Default, TRUE,1, FALSE, active ,
,, https://cdn.shopify.com/s/files/1/0780/4793/6800/files/antique_high_school_one_color_tassel_bling_18.jpg,,,, , , , , , ,, ,  ,,
,, https://cdn.shopify.com/s/files/1/0780/4793/6800/files/high_school_antique_gold_one_color_tassel_2018.jpg,,,, , , , , , ,, ,  ,,
orange-graduation-tassel,Orange Graduation Tassel, https://cdn.shopify.com/s/files/1/0780/4793/6800/files/high_school_orange_one_color_tassel_2018-2.jpg,4.95,"Orange Graduation Tassel. The tassel is an essential part of graduation regalia. The position of the tassel can represent whether the student has graduated or not; and therefore no graduation outfit is complete without one.  Made from high quality poly/rayon blended cord; our graduation hat tassels are 9"" long and each come with a commemorative year drop to signify year of graduation. This graduation accessory is definitely something to keep to remember your academic achievement. Buy in bulk now for extra savings!</p> ",If your school colors include orange, then this graduation hat tassel will complete your commencement attire. Check out this tassel from Graduation World., Orange Graduation Tassel | Graduation Hat Tassel, graduationworld, tassel, caps_with_tassel, Apparel & Accessories > Clothing, Default, TRUE,1, FALSE, active 
,, https://cdn.shopify.com/s/files/1/0780/4793/6800/files/high_school_orange_one_color_tassel_2018.jpg,,,, , , , , , ,, ,  ,,
,, https://cdn.shopify.com/s/files/1/0780/4793/6800/files/orange_high_school_one_color_tassel_bling_18.jpg,,,, , , , , , ,, ,  ,,
pink-graduation-tassel,Pink Graduation Tassel, https://cdn.shopify.com/s/files/1/0780/4793/6800/files/high_school_pink_one_color_tassel_2018.jpg,4.95,"<p><b>Pink Tassel.</b> The tassel is an essential part of graduation regalia. The position of the tassel can represent whether the student has graduated or not; and therefore no graduation outfit is complete without one. Made from high quality poly/rayon bended cord; Graduation World's tassels are 9"" long and each come with a commemorative year drop to signify year of graduation. This graduation accessory is definitely something to keep to remember your academic achievement. Buy in bulk now for extra savings!</p> ",Pink Tassel. The tassel is an essential part of graduation regalia, Pink Tassel | Elementary Accessories | Graduation World, graduationworld, tassel, caps_with_tassel, Apparel & Accessories > Clothing, Default, TRUE,1, FALSE, active ,
,, https://cdn.shopify.com/s/files/1/0780/4793/6800/files/pink_high_school_one_color_tassel_bling_18.jpg,,,, , , , , , ,, ,  ,,
,, https://cdn.shopify.com/s/files/1/0780/4793/6800/files/high_school_pink_one_color_tassel_2018-2.jpg,,,, , , , , , ,, ,  ,,
red-graduation-tassel,Red Graduation Tassel, https://cdn.shopify.com/s/files/1/0780/4793/6800/files/high_school_red_one_color_tassel_2018.jpg,4.95,"Red Graduation Tassel. The tassel is an essential part of graduation regalia. The position of the tassel can represent whether the student has graduated or not; and therefore no graduation outfit is complete without one. Made from high quality poly/rayon bended cord; Graduation World's tassels are 9"" long and each come with a commemorative year drop to signify year of graduation. This graduation accessory is definitely something to keep to remember your academic achievement. Buy in bulk now for extra savings!</p> ",Signify an important and exciting moment in life with this red graduation tassel. Order this tassel online today and be ready to celebrate at graduation!, Red Graduation Tassel | Graduation Tassel for Sale, graduationworld, tassel, caps_with_tassel, Apparel & Accessories > Clothing, Default, TRUE,1, FALSE, active ,
,, https://cdn.shopify.com/s/files/1/0780/4793/6800/files/high_school_red_one_color_tassel_2018-2.jpg,,,, , , , , , ,, ,  ,,
,, https://cdn.shopify.com/s/files/1/0780/4793/6800/files/red_high_school_one_color_tassel_bling_18.jpg,,,, , , , , , ,, ,  ,,
maroon-graduation-tassel,Maroon Graduation Tassel, https://cdn.shopify.com/s/files/1/0780/4793/6800/files/high_school_maroon_one_color_tassel_2018.jpg,4.95,"<p><b>Maroon Tassel.</b> The tassel is an essential part of graduation regalia. The position of the tassel can represent whether the student has graduated or not; and therefore no graduation outfit is complete without one. Made from high quality poly/rayon bended cord; Graduation World's tassels are 9"" long and each come with a commemorative year drop to signify year of graduation. This graduation accessory is definitely something to keep to remember your academic achievement. Buy in bulk now for extra savings!</p> ",Maroon Tassel. The tassel is an essential part of graduation regalia, Maroon Tassel | Elementary Accessories | Graduation World, graduationworld, tassel, caps_with_tassel, Apparel & Accessories > Clothing, Default, TRUE,1, FALSE, active ,
,, https://cdn.shopify.com/s/files/1/0780/4793/6800/files/maroon_high_school_one_color_tassel_bling_18.jpg,,,, , , , , , ,, ,  ,,
,, https://cdn.shopify.com/s/files/1/0780/4793/6800/files/high_school_maroon_one_color_tassel_2018-2.jpg,,,, , , , , , ,, ,  ,,
brown-graduation-tassel,Brown Graduation Tassel, https://cdn.shopify.com/s/files/1/0780/4793/6800/files/high_school_brown_one_color_tassel_2018.jpg,4.95,"<p><b>Brown Tassel.</b> The tassel is an essential part of graduation regalia. The position of the tassel can represent whether the student has graduated or not; and therefore no graduation outfit is complete without one. Made from high quality poly/rayon bended cord; Graduation World's tassels are 9"" long and each come with a commemorative year drop to signify year of graduation. This graduation accessory is definitely something to keep to remember your academic achievement. Buy in bulk now for extra savings!</p> ",Brown Tassel. The tassel is an essential part of graduation regalia, Brown Tassel | Elementary Accessories | Graduation World, graduationworld, tassel, caps_with_tassel, Apparel & Accessories > Clothing, Default, TRUE,1, FALSE, active ,
,, https://cdn.shopify.com/s/files/1/0780/4793/6800/files/high_school_brown_one_color_tassel_2018-2.jpg,,,, , , , , , ,, ,  ,,
,, https://cdn.shopify.com/s/files/1/0780/4793/6800/files/brown_high_school_one_color_tassel_bling_18.jpg,,,, , , , , , ,, ,  ,,
green-graduation-tassel,Green Graduation Tassel, https://cdn.shopify.com/s/files/1/0780/4793/6800/files/green_high_school_one_color_tassel_bling_18.jpg,4.95,"<p><b>Green Tassel.</b> The tassel is an essential part of graduation regalia. The position of the tassel can represent whether the student has graduated or not; and therefore no graduation outfit is complete without one. Made from high quality poly/rayon bended cord; Graduation World's tassels are 9"" long and each come with a commemorative year drop to signify year of graduation. This graduation accessory is definitely something to keep to remember your academic achievement. Buy in bulk now for extra savings!</p> ",Green Tassel. The tassel is an essential part of graduation regalia, Green Tassel | Elementary Accessories | Graduation World, graduationworld, tassel, caps_with_tassel, Apparel & Accessories > Clothing, Default, TRUE,1, FALSE, active ,
,, https://cdn.shopify.com/s/files/1/0780/4793/6800/files/high_school_green_one_color_tassel_2018.jpg,,,, , , , , , ,, ,  ,,
,, https://cdn.shopify.com/s/files/1/0780/4793/6800/files/high_school_green_one_color_tassel_2018-2.jpg,,,, , , , , , ,, ,  ,,
emerald-green-graduation-tassel,Emerald Green Graduation Tassel, https://cdn.shopify.com/s/files/1/0780/4793/6800/files/high_school_emerald_one_color_tassel_2018-2.jpg,4.95,"<p><b>Emerald Green Tassel.</b> The tassel is an essential part of graduation regalia. The position of the tassel can represent whether the student has graduated or not; and therefore no graduation outfit is complete without one. Made from high quality poly/rayon bended cord; Graduation World's tassels are 9"" long and each come with a commemorative year drop to signify year of graduation. This graduation accessory is definitely something to keep to remember your academic achievement. Buy in bulk now for extra savings!</p> ",Emerald Green Tassel. The tassel is an essential part of graduation regalia, Emerald Green Tassel | Elementary Accessories | Graduation World, graduationworld, tassel, caps_with_tassel, Apparel & Accessories > Clothing, Default, TRUE,1, FALSE, active ,
,, https://cdn.shopify.com/s/files/1/0780/4793/6800/files/high_school_emerald_green_one_color_tassel_2018.jpg,,,, , , , , , ,, ,  ,,
,, https://cdn.shopify.com/s/files/1/0780/4793/6800/files/emerald_high_school_one_color_tassel_bling_18.jpg,,,, , , , , , ,, ,  ,,
hunter-graduation-tassel,Hunter Graduation Tassel, https://cdn.shopify.com/s/files/1/0780/4793/6800/files/hunter_high_school_one_color_tassel_bling_18.jpg,4.95,"<p><b>Hunter Tassel.</b> The tassel is an essential part of graduation regalia. The position of the tassel can represent whether the student has graduated or not; and therefore no graduation outfit is complete without one. Made from high quality poly/rayon bended cord; Graduation World's tassels are 9"" long and each come with a commemorative year drop to signify year of graduation. This graduation accessory is definitely something to keep to remember your academic achievement. Buy in bulk now for extra savings!</p> ",Hunter Tassel. The tassel is an essential part of graduation regalia, Hunter Tassel | Elementary Accessories | Graduation World, graduationworld, tassel, caps_with_tassel, Apparel & Accessories > Clothing, Default, TRUE,1, FALSE, active ,
,, https://cdn.shopify.com/s/files/1/0780/4793/6800/files/high_school_hunter_one_color_tassel_2018.jpg,,,, , , , , , ,, ,  ,,
,, https://cdn.shopify.com/s/files/1/0780/4793/6800/files/high_school_hunter_one_color_tassel_2018-2.jpg,,,, , , , , , ,, ,  ,,
black-graduation-tassel,Black Graduation Tassel, https://cdn.shopify.com/s/files/1/0780/4793/6800/files/high_school_black_one_color_tassel_2018-2.jpg,4.95,"Black graduation tassel. The tassel is an essential part of graduation regalia. The graduation tassel position can represent whether the student has graduated or not; and therefore no graduation outfit is complete without one. Made from high quality poly/rayon bended cord; Graduation World's tassels are 9"" long and each come with a commemorative year drop to signify year of graduation. This graduation accessory is definitely something to keep to remember your academic achievement. Buy graduation tassels in bulk now for extra savings! We also offer a <a href=""https://www.graduationworld.com/black-graduation-jumbo-tassel"">large black graduation tassel</a>.",An essential piece of regalia at all academic levels, this elegant black tassel is versatile and classic. It even features a year charm to commemorate the big day. Buy black tassels online from Graduation World individually or in bulk for extra savings!, Black Graduation Tassel | Buy Graduation Tassels , graduationworld, tassel, caps_with_tassel, Apparel & Accessories > Clothing, Default, TRUE,1, FALSE, active 
,, https://cdn.shopify.com/s/files/1/0780/4793/6800/files/high_school_black_one_color_tassel_2018.jpg,,,, , , , , , ,, ,  ,,
,, https://cdn.shopify.com/s/files/1/0780/4793/6800/files/black_high_school_one_color_tassel_bling_18.jpg,,,, , , , , , ,, ,  ,,
double-color-graduation-tassel,Double Color Graduation Tassel, https://cdn.shopify.com/s/files/1/0780/4793/6800/files/gw-ac-ts-018-1_5.jpg,4.95,"Two Color Graduation Tassel. If you are having trouble deciding which color tassel is for you; perhaps you are torn between a school or team color; then the double color tassel is for you. We will create a customized graduation cap tassel just for you in the colors of your choice. The tassel is 9"" long; with a 6"" hang loop and comes with a year charm signet; meaning your tassel is something to hold onto to remember your achievement! Order your double tassel online from Graduation World to give yourself something extra special for graduation day.</p> ",If you're having difficulty choosing a color for your graduation tassel, then this two-color tassel is for you. Buy this graduation cap tassel online today., Two Color Graduation Tassel | Graduation Cap Tassel, graduationworld, tassel, caps_with_tassel, Apparel & Accessories > Clothing, Default, TRUE,1, FALSE, active 
,, https://cdn.shopify.com/s/files/1/0780/4793/6800/files/gw-ac-ts-018-3.png,,,, , , , , , ,, ,  ,,
,, https://cdn.shopify.com/s/files/1/0780/4793/6800/files/gw-ac-ts-018-2_2.jpg,,,, , , , , , ,, ,  ,,
white-graduation-jumbo-tassel,White Graduation Jumbo Tassel, https://cdn.shopify.com/s/files/1/0780/4793/6800/files/white_jumbo_tassel_2018.jpg,7.95,"<p><b>White Jumbo Tassel.</b> Looking for a bit extra from your tassel? The jumbo tassel is the right choice for you. This extra full tassel will give you a more prestigious and distinctive look. Each jumbo tassel is 9"" long and includes a hang loop allows easy attachment to a graduation cap. The jumbo tassel also comes with a year drop signet to mark your special year of graduation! Order one now to look the part on graduation day!</p> ",White Jumbo Tassel. Looking for a bit extra from your tassel? The jumbo tassel is the right choice for you, White Jumbo Tassel | Elementary Accessories | Graduation World, graduationworld, tassel, caps_with_tassel, Apparel & Accessories > Clothing, Default, TRUE,1, FALSE, active ,
,, https://cdn.shopify.com/s/files/1/0780/4793/6800/files/1white_jumbo_tassel_2018.jpg,,,, , , , , , ,, ,  ,,
,, https://cdn.shopify.com/s/files/1/0780/4793/6800/files/white_jumbo_tassel_bling_18.jpg,,,, , , , , , ,, ,  ,,
silver-graduation-jumbo-tassel,Silver Graduation Jumbo Tassel, https://cdn.shopify.com/s/files/1/0780/4793/6800/files/silver_jumbo_tassel_bling_18.jpg,7.95,"<p><b>Silver Jumbo Tassel.</b> Looking for a bit extra from your tassel? The jumbo tassel is the right choice for you. This extra full tassel will give you a more prestigious and distinctive look. Each jumbo tassel is 9"" long and includes a hang loop allows easy attachment to a graduation cap. The jumbo tassel also comes with a year drop signet to mark your special year of graduation! Order one now to look the part on graduation day!</p> ",Silver Jumbo Tassel. Looking for a bit extra from your tassel? The jumbo tassel is the right choice for you, Silver Jumbo Tassel | Elementary Accessories | Graduation World, graduationworld, tassel, caps_with_tassel, Apparel & Accessories > Clothing, Default, TRUE,1, FALSE, active ,
,, https://cdn.shopify.com/s/files/1/0780/4793/6800/files/silver_jumbo_tassel_2018.jpg,,,, , , , , , ,, ,  ,,
,, https://cdn.shopify.com/s/files/1/0780/4793/6800/files/1silver_jumbo_tassel_2018.jpg,,,, , , , , , ,, ,  ,,
light-blue-graduation-jumbo-tassel,Light Blue Graduation Jumbo Tassel, https://cdn.shopify.com/s/files/1/0780/4793/6800/files/light_blue_jumbo_tassel_2018.jpg,7.95,"<p><b>Light Blue Jumbo Tassel.</b> Looking for a bit extra from your tassel? The jumbo tassel is the right choice for you. This extra full tassel will give you a more prestigious and distinctive look. Each jumbo tassel is 9"" long and includes a hang loop allows easy attachment to a graduation cap. The jumbo tassel also comes with a year drop signet to mark your special year of graduation! Order one now to look the part on graduation day!</p> ",Light Blue Jumbo Tassel. Looking for a bit extra from your tassel? The jumbo tassel is the right choice for you, Light Blue Jumbo Tassel | Elementary Accessories | Graduation World, graduationworld, tassel, caps_with_tassel, Apparel & Accessories > Clothing, Default, TRUE,1, FALSE, active ,
,, https://cdn.shopify.com/s/files/1/0780/4793/6800/files/light_blue_jumbo_tassel_bling_18.jpg,,,, , , , , , ,, ,  ,,
,, https://cdn.shopify.com/s/files/1/0780/4793/6800/files/1light_jumbo_tassel_2018.jpg,,,, , , , , , ,, ,  ,,
royal-blue-graduation-jumbo-tassel,Royal Blue Graduation Jumbo Tassel, https://cdn.shopify.com/s/files/1/0780/4793/6800/files/royal_blue_jumbo_tassel_bling_18.jpg,7.95,"<p><b>Royal Blue Jumbo Tassel.</b> Looking for a bit extra from your tassel? The jumbo tassel is the right choice for you. This extra full tassel will give you a more prestigious and distinctive look. Each jumbo tassel is 9"" long and includes a hang loop allows easy attachment to a graduation cap. The jumbo tassel also comes with a year drop signet to mark your special year of graduation! Order one now to look the part on graduation day!</p> ",Royal Blue Jumbo Tassel. Looking for a bit extra from your tassel? The jumbo tassel is the right choice for you, Royal Blue Jumbo Tassel | Elementary Accessories | Graduation World, graduationworld, tassel, caps_with_tassel, Apparel & Accessories > Clothing, Default, TRUE,1, FALSE, active ,
,, https://cdn.shopify.com/s/files/1/0780/4793/6800/files/royal_blue_jumbo_tassel_2018.jpg,,,, , , , , , ,, ,  ,,
,, https://cdn.shopify.com/s/files/1/0780/4793/6800/files/1royal_blue_jumbo_tassel_2018.jpg,,,, , , , , , ,, ,  ,,
navy-blue-graduation-jumbo-tassel,Navy Blue Graduation Jumbo Tassel, https://cdn.shopify.com/s/files/1/0780/4793/6800/files/1navy_blue_jumbo_tassel_2018.jpg,7.95,"<p><b>Navy Blue Jumbo Tassel.</b> Looking for a bit extra from your tassel? The jumbo tassel is the right choice for you. This extra full tassel will give you a more prestigious and distinctive look. Each jumbo tassel is 9"" long and includes a hang loop allows easy attachment to a graduation cap. The jumbo tassel also comes with a year drop signet to mark your special year of graduation! Order one now to look the part on graduation day!</p> ",Navy Blue Jumbo Tassel. Looking for a bit extra from your tassel? The jumbo tassel is the right choice for you, Navy Blue Jumbo Tassel | Elementary Accessories | Graduation World, graduationworld, tassel, caps_with_tassel, Apparel & Accessories > Clothing, Default, TRUE,1, FALSE, active ,
,, https://cdn.shopify.com/s/files/1/0780/4793/6800/files/navy_jumbo_tassel_bling_18.jpg,,,, , , , , , ,, ,  ,,
,, https://cdn.shopify.com/s/files/1/0780/4793/6800/files/navy_jumbo_tassel_2018.jpg,,,, , , , , , ,, ,  ,,
purple-graduation-jumbo-tassel,Purple Graduation Jumbo Tassel, https://cdn.shopify.com/s/files/1/0780/4793/6800/files/purple_jumbo_tassel_2018.jpg,7.95,"<p><b>Purple Jumbo Tassel.</b> Looking for a bit extra from your tassel? The jumbo tassel is the right choice for you. This extra full tassel will give you a more prestigious and distinctive look. Each jumbo tassel is 9"" long and includes a hang loop allows easy attachment to a graduation cap. The jumbo tassel also comes with a year drop signet to mark your special year of graduation! Order one now to look the part on graduation day!</p> ",Purple Jumbo Tassel. Looking for a bit extra from your tassel? The jumbo tassel is the right choice for you, Purple Jumbo Tassel | Elementary Accessories | Graduation World, graduationworld, tassel, caps_with_tassel, Apparel & Accessories > Clothing, Default, TRUE,1, FALSE, active ,
,, https://cdn.shopify.com/s/files/1/0780/4793/6800/files/1purple_jumbo_tassel_2018.jpg,,,, , , , , , ,, ,  ,,
,, https://cdn.shopify.com/s/files/1/0780/4793/6800/files/purple_jumbo_tassel_bling_18.jpg,,,, , , , , , ,, ,  ,,
gold-graduation-jumbo-tassel,Gold Graduation Jumbo Tassel, https://cdn.shopify.com/s/files/1/0780/4793/6800/files/gold_jumbo_tassel_bling_18.jpg,7.95,"<p><b>Gold Jumbo Tassel.</b> Looking for a bit extra from your tassel? The jumbo tassel is the right choice for you. This extra full tassel will give you a more prestigious and distinctive look. Each jumbo tassel is 9"" long and includes a hang loop allows easy attachment to a graduation cap. The jumbo tassel also comes with a year drop signet to mark your special year of graduation! Order one now to look the part on graduation day!</p> ",Gold Jumbo Tassel. Looking for a bit extra from your tassel? The jumbo tassel is the right choice for you, Gold Jumbo Tassel | Elementary Accessories | Graduation World, graduationworld, tassel, caps_with_tassel, Apparel & Accessories > Clothing, Default, TRUE,1, FALSE, active ,
,, https://cdn.shopify.com/s/files/1/0780/4793/6800/files/1gold_jumbo_tassel_2018.jpg,,,, , , , , , ,, ,  ,,
,, https://cdn.shopify.com/s/files/1/0780/4793/6800/files/gold_jumbo_tassel_2018.jpg,,,, , , , , , ,, ,  ,,
antique-gold-graduation-jumbo-tassel,Antique Gold Graduation Jumbo Tassel, https://cdn.shopify.com/s/files/1/0780/4793/6800/files/1antique_jumbo_tassel_2018.jpg,7.95,"<p><b>Antique Gold Jumbo Tassel.</b> Looking for a bit extra from your tassel? The jumbo tassel is the right choice for you. This extra full tassel will give you a more prestigious and distinctive look. Each jumbo tassel is 9"" long and includes a hang loop allows easy attachment to a graduation cap. The jumbo tassel also comes with a year drop signet to mark your special year of graduation! Order one now to look the part on graduation day!</p> ",Antique Gold Jumbo Tassel. Looking for a bit extra from your tassel? The jumbo tassel is the right choice for you, Antique Gold Jumbo Tassel | Elementary Accessories | Graduation World, graduationworld, tassel, caps_with_tassel, Apparel & Accessories > Clothing, Default, TRUE,1, FALSE, active ,
,, https://cdn.shopify.com/s/files/1/0780/4793/6800/files/antique_jumbo_tassel_2018.jpg,,,, , , , , , ,, ,  ,,
,, https://cdn.shopify.com/s/files/1/0780/4793/6800/files/antique_jumbo_tassel_bling_18.jpg,,,, , , , , , ,, ,  ,,
orange-graduation-jumbo-tassel,Orange Graduation Jumbo Tassel, https://cdn.shopify.com/s/files/1/0780/4793/6800/files/1orange_jumbo_tassel_2018.jpg,7.95,"<p><b>Orange Jumbo Tassel.</b> Looking for a bit extra from your tassel? The jumbo tassel is the right choice for you. This extra full tassel will give you a more prestigious and distinctive look. Each jumbo tassel is 9"" long and includes a hang loop allows easy attachment to a graduation cap. The jumbo tassel also comes with a year drop signet to mark your special year of graduation! Order one now to look the part on graduation day!</p> ",Orange Jumbo Tassel. Looking for a bit extra from your tassel? The jumbo tassel is the right choice for you, Orange Jumbo Tassel | Elementary Accessories | Graduation World, graduationworld, tassel, caps_with_tassel, Apparel & Accessories > Clothing, Default, TRUE,1, FALSE, active ,
,, https://cdn.shopify.com/s/files/1/0780/4793/6800/files/orange_jumbo_tassel_2018.jpg,,,, , , , , , ,, ,  ,,
,, https://cdn.shopify.com/s/files/1/0780/4793/6800/files/orange_jumbo_tassel_bling_18.jpg,,,, , , , , , ,, ,  ,,
pink-graduation-jumbo-tassel,Pink Graduation Jumbo Tassel, https://cdn.shopify.com/s/files/1/0780/4793/6800/files/1pink_jumbo_tassel_2018.jpg,7.95,"<p><b>Pink Jumbo Tassel.</b> Looking for a bit extra from your tassel? The jumbo tassel is the right choice for you. This extra full tassel will give you a more prestigious and distinctive look. Each jumbo tassel is 9"" long and includes a hang loop allows easy attachment to a graduation cap. The jumbo tassel also comes with a year drop signet to mark your special year of graduation! Order one now to look the part on graduation day!</p> ",Pink Jumbo Tassel. Looking for a bit extra from your tassel? The jumbo tassel is the right choice for you, Pink Jumbo Tassel | Elementary Accessories | Graduation World, graduationworld, tassel, caps_with_tassel, Apparel & Accessories > Clothing, Default, TRUE,1, FALSE, active ,
,, https://cdn.shopify.com/s/files/1/0780/4793/6800/files/pink_jumbo_tassel_2018.jpg,,,, , , , , , ,, ,  ,,
,, https://cdn.shopify.com/s/files/1/0780/4793/6800/files/pink_jumbo_tassel_bling_18.jpg,,,, , , , , , ,, ,  ,,
red-graduation-jumbo-tassel,Red Graduation Jumbo Tassel, https://cdn.shopify.com/s/files/1/0780/4793/6800/files/red_jumbo_tassel_bling_18.jpg,7.95,"<p><b>Red Jumbo Tassel.</b> Looking for a bit extra from your tassel? The jumbo tassel is the right choice for you. This extra full tassel will give you a more prestigious and distinctive look. Each jumbo tassel is 9"" long and includes a hang loop allows easy attachment to a graduation cap. The jumbo tassel also comes with a year drop signet to mark your special year of graduation! Order one now to look the part on graduation day!</p> ",Red Jumbo Tassel. Looking for a bit extra from your tassel? The jumbo tassel is the right choice for you, Red Jumbo Tassel | Elementary Accessories | Graduation World, graduationworld, tassel, caps_with_tassel, Apparel & Accessories > Clothing, Default, TRUE,1, FALSE, active ,
,, https://cdn.shopify.com/s/files/1/0780/4793/6800/files/1red_jumbo_tassel_2018.jpg,,,, , , , , , ,, ,  ,,
,, https://cdn.shopify.com/s/files/1/0780/4793/6800/files/red_jumbo_tassel_2018.jpg,,,, , , , , , ,, ,  ,,
maroon-graduation-jumbo-tassel,Maroon Graduation Jumbo Tassel, https://cdn.shopify.com/s/files/1/0780/4793/6800/files/maroon_jumbo_tassel_2018.jpg,7.95,"<p><b>Maroon Graduation Tassel.</b> Looking for a bit extra from your tassel? The jumbo tassel is the right choice for you. This extra full; large tassel will give you a more prestigious and distinctive look. Each jumbo tassel is 9"" long and includes a hang loop allows easy attachment to a graduation cap. The jumbo tassel also comes with a year drop signet to mark your special year of graduation! Order one now to look the part on graduation day!</p> ",An extra full tassel will give you a prestigious and distinctive look at your graduation ceremony. Order this large yet elegant maroon commencement tassel online today., Maroon Graduation Tassel | Large Commencement Tassel, graduationworld, tassel, caps_with_tassel, Apparel & Accessories > Clothing, Default, TRUE,1, FALSE, active ,
,, https://cdn.shopify.com/s/files/1/0780/4793/6800/files/1maroon_jumbo_tassel_2018.jpg,,,, , , , , , ,, ,  ,,
,, https://cdn.shopify.com/s/files/1/0780/4793/6800/files/maroon_jumbo_tassel_bling_18.jpg,,,, , , , , , ,, ,  ,,
brown-graduation-jumbo-tassel,Brown Graduation Jumbo Tassel, https://cdn.shopify.com/s/files/1/0780/4793/6800/files/brown_jumbo_tassel_bling_18.jpg,7.95,"<p><b>Brown Jumbo Tassel.</b> Looking for a bit extra from your tassel? The jumbo tassel is the right choice for you. This extra full tassel will give you a more prestigious and distinctive look. Each jumbo tassel is 9"" long and includes a hang loop allows easy attachment to a graduation cap. The jumbo tassel also comes with a year drop signet to mark your special year of graduation! Order one now to look the part on graduation day!</p> ",Brown Jumbo Tassel. Looking for a bit extra from your tassel? The jumbo tassel is the right choice for you, Brown Jumbo Tassel | Elementary Accessories | Graduation World, graduationworld, tassel, caps_with_tassel, Apparel & Accessories > Clothing, Default, TRUE,1, FALSE, active ,
,, https://cdn.shopify.com/s/files/1/0780/4793/6800/files/1brown_jumbo_tassel_2018.jpg,,,, , , , , , ,, ,  ,,
,, https://cdn.shopify.com/s/files/1/0780/4793/6800/files/brown_jumbo_tassel_2018.jpg,,,, , , , , , ,, ,  ,,
green-graduation-jumbo-tassel,Green Graduation Jumbo Tassel, https://cdn.shopify.com/s/files/1/0780/4793/6800/files/green_jumbo_tassel_bling_18.jpg,7.95,"<p><b>Green Jumbo Tassel.</b> Looking for a bit extra from your tassel? The jumbo tassel is the right choice for you. This extra full tassel will give you a more prestigious and distinctive look. Each jumbo tassel is 9"" long and includes a hang loop allows easy attachment to a graduation cap. The jumbo tassel also comes with a year drop signet to mark your special year of graduation! Order one now to look the part on graduation day!</p> ",Green Jumbo Tassel. Looking for a bit extra from your tassel? The jumbo tassel is the right choice for you, Green Jumbo Tassel | Elementary Accessories | Graduation World, graduationworld, tassel, caps_with_tassel, Apparel & Accessories > Clothing, Default, TRUE,1, FALSE, active ,
,, https://cdn.shopify.com/s/files/1/0780/4793/6800/files/1green_jumbo_tassel_2018.jpg,,,, , , , , , ,, ,  ,,
,, https://cdn.shopify.com/s/files/1/0780/4793/6800/files/green_jumbo_tassel_2018.jpg,,,, , , , , , ,, ,  ,,
emerald-green-graduation-jumbo-tassel,Emerald Green Graduation Jumbo Tassel, https://cdn.shopify.com/s/files/1/0780/4793/6800/files/emerald_jumbo_tassel_bling_18.jpg,7.95,"<p><b>Emerald Green Jumbo Tassel.</b> Looking for a bit extra from your tassel? The jumbo tassel is the right choice for you. This extra full tassel will give you a more prestigious and distinctive look. Each jumbo tassel is 9"" long and includes a hang loop allows easy attachment to a graduation cap. The jumbo tassel also comes with a year drop signet to mark your special year of graduation! Order one now to look the part on graduation day!</p> ",Emerald Green Jumbo Tassel. Looking for a bit extra from your tassel? The jumbo tassel is the right choice for you, Emerald Green Jumbo Tassel | Elementary Accessories | Graduation World, graduationworld, tassel, caps_with_tassel, Apparel & Accessories > Clothing, Default, TRUE,1, FALSE, active ,
,, https://cdn.shopify.com/s/files/1/0780/4793/6800/files/1emerald_jumbo_tassel_2018.jpg,,,, , , , , , ,, ,  ,,
,, https://cdn.shopify.com/s/files/1/0780/4793/6800/files/emeraid_jumbo_tassel_2018.jpg,,,, , , , , , ,, ,  ,,
hunter-graduation-jumbo-tassel,Hunter Graduation Jumbo Tassel, https://cdn.shopify.com/s/files/1/0780/4793/6800/files/hunter_jumbo_tassel_2018.jpg,7.95,"<p><b>Hunter Jumbo Tassel.</b> Looking for a bit extra from your tassel? The jumbo tassel is the right choice for you. This extra full tassel will give you a more prestigious and distinctive look. Each jumbo tassel is 9"" long and includes a hang loop allows easy attachment to a graduation cap. The jumbo tassel also comes with a year drop signet to mark your special year of graduation! Order one now to look the part on graduation day!</p> ",Hunter Jumbo Tassel. Looking for a bit extra from your tassel? The jumbo tassel is the right choice for you, Hunter Jumbo Tassel | Elementary Accessories | Graduation World, graduationworld, tassel, caps_with_tassel, Apparel & Accessories > Clothing, Default, TRUE,1, FALSE, active ,
,, https://cdn.shopify.com/s/files/1/0780/4793/6800/files/hunter_jumbo_tassel_bling_18.jpg,,,, , , , , , ,, ,  ,,
,, https://cdn.shopify.com/s/files/1/0780/4793/6800/files/1hunter_jumbo_tassel_2017.jpg,,,, , , , , , ,, ,  ,,
black-graduation-jumbo-tassel,Black Graduation Jumbo Tassel, https://cdn.shopify.com/s/files/1/0780/4793/6800/files/black_jumbo_tassel_bling_18.jpg,7.95,"<p><b>Jumbo Black Graduation Tassel.</b>Looking for a bit extra from your commencement tassel? The large graduation tassel is the right choice for you. This extra full tassel will give you a more prestigious and distinctive look. Each jumbo tassel is 9"" long and includes a hang loop allows easy attachment to a graduation cap. The jumbo tassel also comes with a year drop signet to mark your special year of graduation! Order one now to look the part on graduation day!</p> ",Looking for more from your commencement tassel? Purchase this large, black tassel with a commemorative year charm to make the most out of your graduation regalia., Large Black Graduation Tassel | Commencement Tassel, graduationworld, tassel, caps_with_tassel, Apparel & Accessories > Clothing, Default, TRUE,1, FALSE, active 
,, https://cdn.shopify.com/s/files/1/0780/4793/6800/files/black_jumbo_tessel_2018.jpg,,,, , , , , , ,, ,  ,,
,, https://cdn.shopify.com/s/files/1/0780/4793/6800/files/1black_jumbo_tassel_2018.jpg,,,, , , , , , ,, ,  ,,
double-color-graduation-jumbo-tassel,Double Color Graduation Jumbo Tassel, https://cdn.shopify.com/s/files/1/0780/4793/6800/files/gw-ac-ts-036-2_2.jpg,7.95,"<p><b>Jumbo Two-Color Graduation Tassel.</b> Looking for a bit extra from your tassel? The jumbo tassel is the right choice for you. This extra full tassel will give you a more prestigious and distinctive look. Each large tassel is 9"" long and includes a hang loop allows easy attachment to a graduation cap. The jumbo tassel also comes with a year drop signet to mark your special year of graduation! Order graduation cap tassels now to look the part on graduation day!",Sport multiple school colors at graduation with this large, two-color tassel that includes a commemorative year charm. Buy a graduation cap tassel to look the part on the big day!, Large Two-Color Graduation Tassel | Graduation Cap Tassels, graduationworld, tassel, caps_with_tassel, Apparel & Accessories > Clothing, Default, TRUE,1, FALSE, active 
,, https://cdn.shopify.com/s/files/1/0780/4793/6800/files/gw-ac-ts-037-3.png,,,, , , , , , ,, ,  ,,
,, https://cdn.shopify.com/s/files/1/0780/4793/6800/files/gw-ac-ts-036-1_5.jpg,,,, , , , , , ,, ,  ,,
three-color-graduation-jumbo-tassel,Three Color Graduation Jumbo Tassel, https://cdn.shopify.com/s/files/1/0780/4793/6800/files/gw-ac-ts-037-2_2.jpg,7.95,"<p><b>Three Color Jumbo Tassel.</b> Looking for a bit extra from your tassel? The jumbo tassel is the right choice for you. This extra full tassel will give you a more prestigious and distinctive look. Each jumbo tassel is 9"" long and includes a hang loop allows easy attachment to a graduation cap. The jumbo tassel also comes with a year drop signet to mark your special year of graduation! Order one now to look the part on graduation day!</p> ",Three Color Jumbo Tassel. Looking for a bit extra from your tassel? The jumbo tassel is the right choice for you, Three Color Jumbo Tassel | Elementary Accessories | Graduation World, graduationworld, tassel, caps_with_tassel, Apparel & Accessories > Clothing, Default, TRUE,1, FALSE, active ,
,, https://cdn.shopify.com/s/files/1/0780/4793/6800/files/gw-ac-ts-036-3.png,,,, , , , , , ,, ,  ,,
,, https://cdn.shopify.com/s/files/1/0780/4793/6800/files/gw-ac-ts-037-1_5.jpg,,,, , , , , , ,, ,  ,,
white-graduation-honor-cord,White Graduation Honor Cord, https://cdn.shopify.com/s/files/1/0780/4793/6800/files/gw-ac-hc-001_4.jpg,6.95,"<p><b>White Honor Cord.</b> Often representing different honor societies; honor cords are among the most popular graduation accessories. Graduation World's honor cords are crafted from multiple thin strands of high quality fabric and 60"" long with a tassel on each end. Show pride in your honor society in wearing our classic honor cord at your graduation ceremony!</p> ",White Honor Cord. Often representing different honor societies; honor cords are among the most popular graduation accessories, White Honor Cord | Elementary Accessories | Graduation World, graduationworld, tassel, caps_with_tassel, Apparel & Accessories > Clothing, Default, TRUE,1, FALSE, active ,
silver-graduation-honor-cord,Silver Graduation Honor Cord, https://cdn.shopify.com/s/files/1/0780/4793/6800/files/gw-ac-hc-002_4.jpg,6.95,"<p><b>Silver Honor Cord.</b> Often representing different honor societies; honor cords are among the most popular graduation accessories. Graduation World's honor cords are crafted from multiple thin strands of high quality fabric and 60"" long with a tassel on each end. Show pride in your honor society in wearing our classic honor cord at your graduation ceremony!</p> ",Silver Honor Cord. Often representing different honor societies; honor cords are among the most popular graduation accessories, Silver Honor Cord | Elementary Accessories | Graduation World, graduationworld, tassel, caps_with_tassel, Apparel & Accessories > Clothing, Default, TRUE,1, FALSE, active ,
light-blue-graduation-honor-cord,Light Blue Graduation Honor Cord, https://cdn.shopify.com/s/files/1/0780/4793/6800/files/gw-ac-hc-003_4.jpg,6.95,"<p><b>Light Blue Honor Cord.</b> Often representing different honor societies; honor cords are among the most popular graduation accessories. Graduation World's honor cords are crafted from multiple thin strands of high quality fabric and 60"" long with a tassel on each end. Show pride in your honor society in wearing our classic light blue graduation cord at your ceremony!",Wear this blue honor cord at your own graduation ceremony! This elegant light blue graduation cord is 60 inches long and features a tassel on each end. , Light Blue Graduation Cord | Blue Honor Cord, graduationworld, tassel, caps_with_tassel, Apparel & Accessories > Clothing, Default, TRUE,1, FALSE, active ,
royal-blue-graduation-honor-cord,Royal Blue Graduation Honor Cord, https://cdn.shopify.com/s/files/1/0780/4793/6800/files/gw-ac-hc-004_4.jpg,6.95,"<p><b>Royal Blue Honor Cord.</b> Often representing different honor societies; honor cords are among the most popular graduation accessories. Graduation World's commencement cords are crafted from multiple thin strands of high quality fabric and 60"" long with a tassel on each end. Show pride in your honor society in wearing our classic royal blue graduation cord at your ceremony!",This royal blue graduation cord stands out beautifully against black gowns. Shop for this commencement cord and other essential graduation accessories., Royal Blue Graduation Cord | Commencement Cord, graduationworld, tassel, caps_with_tassel, Apparel & Accessories > Clothing, Default, TRUE,1, FALSE, active ,
navy-blue-graduation-honor-cord,Navy Blue Graduation Honor Cord, https://cdn.shopify.com/s/files/1/0780/4793/6800/files/gw-ac-hc-005_4.jpg,6.95,"<p><b>Navy Blue Honor Cord.</b> Often representing different honor societies; honor cords are among the most popular graduation accessories. Graduation World's honor cords are crafted from multiple thin strands of high quality fabric and 60"" long with a tassel on each end. Show pride in your honor society in wearing our classic honor cord at your graduation ceremony!</p> ",Navy Blue Honor Cord. Often representing different honor societies; honor cords are among the most popular graduation accessories, Navy Blue Honor Cord | Elementary Accessories | Graduation World, graduationworld, tassel, caps_with_tassel, Apparel & Accessories > Clothing, Default, TRUE,1, FALSE, active ,
purple-graduation-honor-cord,Purple Graduation Honor Cord, https://cdn.shopify.com/s/files/1/0780/4793/6800/files/gw-ac-hc-006_4.jpg,6.95,"<p><b>Purple Honor Cord.</b> Often representing different honor societies; honor cords are among the most popular graduation accessories. Graduation World's honor cords are crafted from multiple thin strands of high quality fabric and 60"" long with a tassel on each end. Show pride in your honor society in wearing our classic honor cord at your graduation ceremony!</p> ",Purple Honor Cord. Often representing different honor societies; honor cords are among the most popular graduation accessories, Purple Honor Cord | Elementary Accessories | Graduation World, graduationworld, tassel, caps_with_tassel, Apparel & Accessories > Clothing, Default, TRUE,1, FALSE, active ,
gold-graduation-honor-cord,Gold Graduation Honor Cord, https://cdn.shopify.com/s/files/1/0780/4793/6800/files/gw-ac-hc-007_4.jpg,6.95,"<p><b>Gold Honor Cord.</b> Often representing different honor societies; honor cords are among the most popular graduation accessories. Graduation World's honor cords are crafted from multiple thin strands of high quality fabric and 60"" long with a tassel on each end. Show pride in your honor society in wearing our classic honor cord at your graduation ceremony!</p> ",Gold Honor Cord. Often representing different honor societies; honor cords are among the most popular graduation accessories, , graduationworld, tassel, caps_with_tassel, Apparel & Accessories > Clothing, Default, TRUE,1, FALSE, active ,
antique-gold-graduation-honor-cord,Antique Gold Graduation Honor Cord, https://cdn.shopify.com/s/files/1/0780/4793/6800/files/gw-ac-hc-008_4.jpg,6.95,"<p><b>Antique Gold Honor Cord.</b> Often representing different honor societies; honor cords are among the most popular graduation accessories. Graduation World's honor cords are crafted from multiple thin strands of high quality fabric and 60"" long with a tassel on each end. Show pride in your honor society in wearing our classic gold graduation cord at your ceremony!",Wear this antique gold cord to show pride in your honor society at graduation. Browse our selection of colored honor cords online at Graduation World., Gold Honor Cord | Gold Cord Graduation | Graduation World, graduationworld, tassel, caps_with_tassel, Apparel & Accessories > Clothing, Default, TRUE,1, FALSE, active ,
orange-graduation-honor-cord,Orange Graduation Honor Cord, https://cdn.shopify.com/s/files/1/0780/4793/6800/files/gw-ac-hc-009_4.jpg,6.95,"<p><b>Orange Honor Cord.</b> Often representing different honor societies; honor cords are among the most popular graduation accessories. Graduation World's honor cords are crafted from multiple thin strands of high quality fabric and 60"" long with a tassel on each end. Show pride in your honor society in wearing our classic honor cord at your graduation ceremony!</p> ",Orange Honor Cord. Often representing different honor societies; honor cords are among the most popular graduation accessories, Orange Honor Cord | Elementary Accessories | Graduation World, graduationworld, tassel, caps_with_tassel, Apparel & Accessories > Clothing, Default, TRUE,1, FALSE, active ,
pink-graduation-honor-cord,Pink Graduation Honor Cord, https://cdn.shopify.com/s/files/1/0780/4793/6800/files/gw-ac-hc-010_4.jpg,6.95,"<p><b>Pink Honor Cord.</b> Often representing different honor societies; honor cords are among the most popular graduation accessories. Graduation World's pink graduation cords are crafted from multiple thin strands of high quality fabric and 60"" long with a tassel on each end. Show pride in your honor society in wearing our classic honor cord at your graduation ceremony!</p> ",Crafted from multiple thin strands of high quality fabric, this pink honor cord is the perfect way to represent your honor society. Get yours online today!, Pink Honor Cord | Pink Graduation Cord | Graduation World, graduationworld, tassel, caps_with_tassel, Apparel & Accessories > Clothing, Default, TRUE,1, FALSE, active 
red-graduation-honor-cord,Red Graduation Honor Cord, https://cdn.shopify.com/s/files/1/0780/4793/6800/files/gw-ac-hc-011_4.jpg,6.95,"<p><b>Red Honor Cord.</b> Often representing different honor societies; honor cords are among the most popular graduation accessories. Graduation World's honor cords are crafted from multiple thin strands of high quality fabric and 60"" long with a tassel on each end. Show pride in your honor society by wearing our classic red graduation cord at your ceremony!</p> ",One of the most popular graduation accessories, cords can represent different societies and organizations. Order this red honor cord from Graduation World., Red Graduation Cord | Red Honor Cord | Graduation World, graduationworld, tassel, caps_with_tassel, Apparel & Accessories > Clothing, Default, TRUE,1, FALSE, active 
maroon-graduation-honor-cord,Maroon Graduation Honor Cord, https://cdn.shopify.com/s/files/1/0780/4793/6800/files/gw-ac-hc-012_4.jpg,6.95,"<p><b>Maroon Honor Cord.</b> Often representing different honor societies; honor cords are among the most popular graduation accessories. Graduation World's honor cords are crafted from multiple thin strands of high quality fabric and 60"" long with a tassel on each end. Show pride in your honor society in wearing our classic honor cord at your graduation ceremony!</p> ",Maroon Honor Cord. Often representing different honor societies; honor cords are among the most popular graduation accessories, Maroon Honor Cord | Elementary Accessories | Graduation World, graduationworld, tassel, caps_with_tassel, Apparel & Accessories > Clothing, Default, TRUE,1, FALSE, active ,
brown-graduation-honor-cord,Brown Graduation Honor Cord, https://cdn.shopify.com/s/files/1/0780/4793/6800/files/gw-ac-hc-013_4.jpg,6.95,"<p><b>Brown Honor Cord.</b> Often representing different honor societies; honor cords are among the most popular graduation accessories. Graduation World's honor cords are crafted from multiple thin strands of high quality fabric and 60"" long with a tassel on each end. Show pride in your honor society in wearing our classic honor cord at your graduation ceremony!</p> ",Brown Honor Cord. Often representing different honor societies; honor cords are among the most popular graduation accessories, Brown Honor Cord | Elementary Accessories | Graduation World, graduationworld, tassel, caps_with_tassel, Apparel & Accessories > Clothing, Default, TRUE,1, FALSE, active ,
green-graduation-honor-cord,Green Graduation Honor Cord, https://cdn.shopify.com/s/files/1/0780/4793/6800/files/gw-ac-hc-014_4.jpg,6.95,"<p><b>Green Honor Cord.</b> Often representing different honor societies; honor cords are among the most popular graduation accessories. Graduation World's honor cords are crafted from multiple thin strands of high quality fabric and 60"" long with a tassel on each end. Show pride in your honor society in wearing our classic honor cord at your graduation ceremony!</p> ",Green Honor Cord. Often representing different honor societies; honor cords are among the most popular graduation accessories, Green Honor Cord | Elementary Accessories | Graduation World, graduationworld, tassel, caps_with_tassel, Apparel & Accessories > Clothing, Default, TRUE,1, FALSE, active ,
emerald-green-graduation-honor-cord,Emerald Green Graduation Honor Cord, https://cdn.shopify.com/s/files/1/0780/4793/6800/files/gw-ac-hc-015_4.jpg,6.95,"<p><b>Emerald Green Honor Cord.</b> Often representing different honor societies; honor cords are among the most popular graduation accessories. Graduation World's honor cords are crafted from multiple thin strands of high quality fabric and 60"" long with a tassel on each end. Show pride in your honor society in wearing our classic honor cord at your graduation ceremony!</p> ",Emerald Green Honor Cord. Often representing different honor societies; honor cords are among the most popular graduation accessories, Emerald Green Honor Cord | Elementary Accessories | Graduation World, graduationworld, tassel, caps_with_tassel, Apparel & Accessories > Clothing, Default, TRUE,1, FALSE, active ,
hunter-graduation-honor-cord,Hunter Graduation Honor Cord, https://cdn.shopify.com/s/files/1/0780/4793/6800/files/gw-ac-hc-016_4.jpg,6.95,"<p><b>Hunter Honor Cord.</b> Often representing different honor societies; honor cords are among the most popular graduation accessories. Graduation World's honor cords are crafted from multiple thin strands of high quality fabric and 60"" long with a tassel on each end. Show pride in your honor society in wearing our classic honor cord at your graduation ceremony!</p> ",Hunter Honor Cord. Often representing different honor societies; honor cords are among the most popular graduation accessories, Hunter Honor Cord | Elementary Accessories | Graduation World, graduationworld, tassel, caps_with_tassel, Apparel & Accessories > Clothing, Default, TRUE,1, FALSE, active ,
black-graduation-honor-cord,Black Graduation Honor Cord, https://cdn.shopify.com/s/files/1/0780/4793/6800/files/gw-ac-hc-017_4.jpg,6.95,"<p><b>Black Honor Cord.</b> Often representing different honor societies; honor cords are among the most popular graduation accessories. Graduation World's honor cords are crafted from multiple thin strands of high quality fabric and 60"" long with a tassel on each end. Show pride in your honor society in wearing our classic honor cord at your graduation ceremony!</p> ",Black Honor Cord. Often representing different honor societies; honor cords are among the most popular graduation accessories, , graduationworld, tassel, caps_with_tassel, Apparel & Accessories > Clothing, Default, TRUE,1, FALSE, active ,
apricot-graduation-honor-cord,Apricot Graduation Honor Cord, https://cdn.shopify.com/s/files/1/0780/4793/6800/files/gw-ac-hc-018_4.jpg,6.95,"Apricot Graduation Honor Cord. Often representing different honor societies; honor cords are among the most popular graduation accessories. Graduation World's honor cords are crafted from multiple thin strands of high quality fabric and 60"" long with a tassel on each end. Buy honor cords to show pride in your honor society; and wear this classic honor cord at your graduation ceremony!",This graduation honor cord is a beautiful apricot color and is crafted from thin strands of high quality fabric. Buy honor cords at Graduation World today!, Apricot Graduation Honor Cord | Buy Honor Cords, graduationworld, tassel, caps_with_tassel, Apparel & Accessories > Clothing, Default, TRUE,1, FALSE, active ,
double-graduation-honor-cords,Double Graduation Honor Cords, https://cdn.shopify.com/s/files/1/0780/4793/6800/files/gw-ac-hc-019_4.jpg,8.95,"<p><b>Double Honor Cords.</b> If you are having trouble choosing which color of honor cord is right for you; why not pick two? Graduation World's graduation gown cords are crafted from two honor cords tied together made from high quality fabric and 58"" long. The double honor cord has tassels on each end and will give you a fantastic look for when you take to the stage; without breaking the bank. Show pride in your honor society in wearing our beautifully made double honor cord at your graduation ceremony!</p> ",If you're having trouble choosing a color for your graduation honor cords, then check out our double honor cords online today to pick two beautiful colors., Double Honor Cords | Graduation Gown Cords, graduationworld, tassel, caps_with_tassel, Apparel & Accessories > Clothing, Default, TRUE,1, FALSE, active 
white-graduation-stole,White Graduation Stole , https://cdn.shopify.com/s/files/1/0780/4793/6800/files/gw-ac-st-001-1_3.jpg,7.95,"White Graduation Stole. A classic graduation accessory; stoles are worn by graduates from specific organizations and denote academic achievement. Graduation World's stoles are made from beautiful bridal satin and has pointed arrow edges. The commencement stole is worn equally over the shoulders and should measure 31"" on each side. To change your look and add extra honor; buy a stole now from Graduation World! We offer a <a href=""https://www.graduationworld.com/white-graduation-v-stole"">white graduation sash</a> in a ""V"" shape as well.</p> ",This white graduation stole is a classic piece and will complement any gown. Order this commencement stole and more online at Graduation world today!, White Graduation Stole | Commencement Stole, graduationworld, tassel, caps_with_tassel, Apparel & Accessories > Clothing, Default, TRUE,1, FALSE, active ,
silver-graduation-stole,Silver Graduation Stole , https://cdn.shopify.com/s/files/1/0780/4793/6800/files/gw-ac-st-002-1.jpg,7.95,"Silver Graduation Stole. A classic graduation accessory; stoles are worn by graduates from specific organizations and denote academic achievement. Graduation World's stoles are made from beautiful bridal satin and has pointed arrow edges. The grad stole is worn equally over the shoulders and should measure 31"" on each side. To change your graduation look and add extra honor; buy a stole now from Graduation World!</p> ",Shine on graduation day in this elegant, silver graduation stole. Get this grad stole in silver and many more colors online at Graduation World today!, Silver Graduation Stole | Grad Stole | Graduation World, graduationworld, tassel, caps_with_tassel, Apparel & Accessories > Clothing, Default, TRUE,1, FALSE, active 
light-blue-graduation-stole,Light Blue Graduation Stole, https://cdn.shopify.com/s/files/1/0780/4793/6800/files/gw-ac-st-003-1.jpg,7.95,"<p><b>Light Blue Stole.</b> A classic graduation accessory; stoles are worn by graduates from specific organizations and denote academic achievement. Graduation World's stoles are made from beautiful bridal satin and has pointed arrow edges. The stole is worn equally over the shoulders and should measure 31"" on each side. To change your graduation look and add extra honor; buy a stole now from Graduation World!</p> ",Light Blue Stole. A classic graduation accessory; stoles are worn by graduates from specific organizations and denote academic achievement, Light Blue Stole | Elementary Accessories | Graduation World, graduationworld, tassel, caps_with_tassel, Apparel & Accessories > Clothing, Default, TRUE,1, FALSE, active ,
royal-blue-graduation-stole,Royal Blue Graduation Stole , https://cdn.shopify.com/s/files/1/0780/4793/6800/files/gw-ac-st-004-1.jpg,7.95,"<p><b>Royal Blue Graduation Stole.</b> A classic graduation accessory; stoles are worn by graduates from specific organizations and denote academic achievement. Graduation World's stoles are made from beautiful bridal satin and has pointed arrow edges. The stole is worn equally over the shoulders and should measure 31"" on each side. To change your look and add extra honor; order a graduation sash now from Graduation World!</p> ",This graduation stole will look great for schools that have a royal blue school color. Shine at your ceremony when you order this graduation sash today., Royal Blue Graduation Stole | Order Graduation Sash, graduationworld, tassel, caps_with_tassel, Apparel & Accessories > Clothing, Default, TRUE,1, FALSE, active ,
navy-blue-graduation-stole,Navy Blue Graduation Stole , https://cdn.shopify.com/s/files/1/0780/4793/6800/files/gw-ac-st-005-1.jpg,7.95,"<p><b>Navy Blue Stole.</b> A classic graduation accessory; stoles are worn by graduates from specific organizations and denote academic achievement. Graduation World's stoles are made from beautiful bridal satin and has pointed arrow edges. The stole is worn equally over the shoulders and should measure 31"" on each side. To change your graduation look and add extra honor; buy a stole now from Graduation World!</p> ",Navy Blue Stole. A classic graduation accessory; stoles are worn by graduates from specific organizations and denote academic achievement, Navy Blue Stole | Elementary Accessories | Graduation World, graduationworld, tassel, caps_with_tassel, Apparel & Accessories > Clothing, Default, TRUE,1, FALSE, active ,
purple-graduation-stole,Purple Graduation Stole, https://cdn.shopify.com/s/files/1/0780/4793/6800/files/gw-ac-st-006-1.jpg,7.95,"<p><b>Purple Graduation Stole.</b> A classic graduation accessory; stoles are worn by graduates from specific organizations and denote academic achievement. Graduation World's stoles are made from beautiful bridal satin and has pointed arrow edges. The stole is worn equally over the shoulders and should measure 31"" on each side. To change your graduation look and add extra honor; buy a commencement sash now from Graduation World!</p> ",To change your graduation look and add extra honor, buy this purple stole now from Graduation World! It is made from bridal satin and has pointed edges., Purple Graduation Stole | Commencement Sash | Graduation World, graduationworld, tassel, caps_with_tassel, Apparel & Accessories > Clothing, Default, TRUE,1, FALSE, active 
gold-graduation-stole,Gold Graduation Stole, https://cdn.shopify.com/s/files/1/0780/4793/6800/files/gw-ac-st-007-1.jpg,7.95,"Gold graduation stole. A classic graduation accessory; stoles are worn by graduates from specific organizations and denote academic achievement. Graduation World's stoles are made from beautiful bridal satin and has pointed arrow edges. The stole is worn equally over the shoulders and should measure 31"" on each side. To change your graduation look and add extra honor; buy a graduation sash now from Graduation World!",This gold graduation stole made from bridal satin and featuring pointed arrow edges will stand out among the rest. Shop online at Graduation World today!, Gold Graduation Stole | Buy Graduation Sash, graduationworld, tassel, caps_with_tassel, Apparel & Accessories > Clothing, Default, TRUE,1, FALSE, active ,
antique-gold-graduation-stole,Antique Gold Graduation Stole , https://cdn.shopify.com/s/files/1/0780/4793/6800/files/gw-ac-st-008-1.jpg,7.95,"<p><b>Antique Gold Stole.</b> A classic graduation accessory; stoles are worn by graduates from specific organizations and denote academic achievement. Graduation World's stoles are made from beautiful bridal satin and has pointed arrow edges. The stole is worn equally over the shoulders and should measure 31"" on each side. To change your graduation look and add extra honor; buy a stole now from Graduation World!</p> ",Antique Gold Stole. A classic graduation accessory; stoles are worn by graduates from specific organizations and denote academic achievement, Antique Gold Stole | Elementary Accessories | Graduation World, graduationworld, tassel, caps_with_tassel, Apparel & Accessories > Clothing, Default, TRUE,1, FALSE, active ,
orange-graduation-stole,Orange Graduation Stole, https://cdn.shopify.com/s/files/1/0780/4793/6800/files/gw-ac-st-009-1.jpg,7.95,"<p><b>Orange Stole.</b> A classic graduation accessory; stoles are worn by graduates from specific organizations and denote academic achievement. Graduation World's stoles are made from beautiful bridal satin and has pointed arrow edges. The stole is worn equally over the shoulders and should measure 31"" on each side. To change your graduation look and add extra honor; buy a stole now from Graduation World!</p> ",Orange Stole. A classic graduation accessory; stoles are worn by graduates from specific organizations and denote academic achievement, Orange Stole | Elementary Accessories | Graduation World, graduationworld, tassel, caps_with_tassel, Apparel & Accessories > Clothing, Default, TRUE,1, FALSE, active ,
pink-graduation-stole,Pink Graduation Stole , https://cdn.shopify.com/s/files/1/0780/4793/6800/files/gw-ac-st-010-1.jpg,7.95,"<p><b>Pink Graduation Stole.</b> A classic graduation accessory; stoles are worn by graduates from specific organizations and denote academic achievement. Graduation World's stoles are made from beautiful bridal satin and has pointed arrow edges. The stole is worn equally over the shoulders and should measure 31"" on each side. To change your look and add extra honor; buy a graduation stole now from Graduation World!</p> ",View this stole online at Graduation World today! It's made from beautiful, pink satin and is a great option for changing your graduation look or showing honors achievements., Pink Graduation Stole | Buy Graduation Stole | Graduation World, graduationworld, tassel, caps_with_tassel, Apparel & Accessories > Clothing, Default, TRUE,1, FALSE, active 
red-graduation-stole,Red Graduation Stole, https://cdn.shopify.com/s/files/1/0780/4793/6800/files/gw-ac-st-011-1.jpg,7.95,"<p><b>Red Stole.</b> A classic graduation accessory; stoles are worn by graduates from specific organizations and denote academic achievement. Graduation World's stoles are made from beautiful bridal satin and has pointed arrow edges. The stole is worn equally over the shoulders and should measure 31"" on each side. To change your graduation look and add extra honor; buy a stole now from Graduation World!</p> ",Red Stole. A classic graduation accessory; stoles are worn by graduates from specific organizations and denote academic achievement, Red Stole | Elementary Accessories | Graduation World, graduationworld, tassel, caps_with_tassel, Apparel & Accessories > Clothing, Default, TRUE,1, FALSE, active ,
maroon-graduation-stole,Maroon Graduation Stole , https://cdn.shopify.com/s/files/1/0780/4793/6800/files/gw-ac-st-012-1.jpg,7.95,"<p><b>Maroon Stole.</b> A classic graduation accessory; stoles are worn by graduates from specific organizations to denote academic achievement. Graduation World's stoles are made from beautiful bridal satin and have pointed arrow edges. The stole is worn equally over the shoulders and should measure 31"" on each side. To change your graduation look and add extra honor; buy a stole now from Graduation World!</p> ",Take pride in your academic achievement by wearing a graduation stole that stands out. This maroon stole from Graduation World is made from bridal satin, has pointed arrow edges and looks great against black gowns. Order this stole in time for graduation!, Maroon Graduation Stole | Academic Stole | Graduation World, graduationworld, tassel, caps_with_tassel, Apparel & Accessories > Clothing, Default, TRUE,1, FALSE, active 
brown-graduation-stole,Brown Graduation Stole , https://cdn.shopify.com/s/files/1/0780/4793/6800/files/gw-ac-st-013-1.jpg,7.95,"<p><b>Brown Stole for graduation.</b> A classic graduation accessory; stoles are worn by graduates from specific organizations and denote academic achievement. Our graduation sashes are made from beautiful bridal satin and has pointed arrow edges. The stole is worn equally over the shoulders and should measure 31"" on each side. To change your graduation look and add extra honor; buy a stole now from Graduation World!</p> ",This brown graduation sash is made from beautiful bridal satin and features pointed arrow edges. Shop for this stole and other graduation accessories today!, Brown Graduation Sash | Stole for Graduation, graduationworld, tassel, caps_with_tassel, Apparel & Accessories > Clothing, Default, TRUE,1, FALSE, active ,
green-graduation-stole,Green Graduation Stole , https://cdn.shopify.com/s/files/1/0780/4793/6800/files/gw-ac-st-014-1.jpg,7.95,"<p><b>Green Stole.</b> A classic graduation accessory; stoles are worn by graduates from specific organizations and denote academic achievement. Graduation World's stoles are made from beautiful bridal satin and has pointed arrow edges. The stole is worn equally over the shoulders and should measure 31"" on each side. To change your graduation look and add extra honor; buy a stole now from Graduation World!</p> ",Green Stole. A classic graduation accessory; stoles are worn by graduates from specific organizations and denote academic achievement, Green Stole | Elementary Accessories | Graduation World, graduationworld, tassel, caps_with_tassel, Apparel & Accessories > Clothing, Default, TRUE,1, FALSE, active ,
emerald-green-graduation-stole,Emerald Green Graduation Stole , https://cdn.shopify.com/s/files/1/0780/4793/6800/files/gw-ac-st-015-1.jpg,7.95,"<p><b>Emerald Green Stole.</b> A classic graduation accessory; stoles are worn by graduates from specific organizations and denote academic achievement. Graduation World's stoles are made from beautiful bridal satin and has pointed arrow edges. The stole is worn equally over the shoulders and should measure 31"" on each side. To change your graduation look and add extra honor; buy a stole now from Graduation World!</p> ",Emerald Green Stole. A classic graduation accessory; stoles are worn by graduates from specific organizations and denote academic achievement, Emerald Green Stole | Elementary Accessories | Graduation World, graduationworld, tassel, caps_with_tassel, Apparel & Accessories > Clothing, Default, TRUE,1, FALSE, active ,
hunter-graduation-stole,Hunter Green Graduation Stole , https://cdn.shopify.com/s/files/1/0780/4793/6800/files/gw-ac-st-016-1.jpg,7.95,"<p><b>Hunter Green Graduation Stole.</b> A classic graduation accessory; stoles are worn by graduates from specific organizations and denote academic achievement. Graduation World's stoles are made from beautiful bridal satin and have pointed arrow edges. The commencement stole is worn equally over the shoulders and should measure 31"" on each side. To change your graduation look and add extra honor; buy a stole now from Graduation World!</p> ",Get classic graduation accessories like sashes and stoles at Graduation World. This stunning hunter green commencement stole is made from bridal satin and has pointed arrow edges., Hunter Green Graduation Stole | Commencement Stole for Sale, graduationworld, tassel, caps_with_tassel, Apparel & Accessories > Clothing, Default, TRUE,1, FALSE, active ,
black-graduation-stole,Black Graduation Stole, https://cdn.shopify.com/s/files/1/0780/4793/6800/files/gw-ac-st-017-1.jpg,7.95,"Black graduation stole. A classic graduation accessory; stoles are worn by graduates from specific organizations and denote academic achievement. Graduation World's stoles are made from beautiful bridal satin and has pointed arrow edges. The stole is worn equally over the shoulders and should measure 31"" on each side. To change your look and add extra honor; buy a graduation stole now from Graduation World!",The stole is a classic symbol of graduation ceremonies, and this black graduation stole is elegant and timeless. Order your graduation stole online today!, Black Graduation Stole | Graduation Stole for Sale, graduationworld, tassel, caps_with_tassel, Apparel & Accessories > Clothing, Default, TRUE,1, FALSE, active 
white-honor-stole,White Honor Graduation Stole , https://cdn.shopify.com/s/files/1/0780/4793/6800/files/gw-ac-st-018-1.jpg,12.95,"<p><b>White Honor Stole.</b> For students of particular academic achievement; a White Honor Stole will be the right graduation accessory for you. These beautifully elegant stoles are made from fine bridal satin; with 'Honor' imprinted on both sides; and measures a total of 62"". Worn over the shoulder; this stole would enhance any graduation outfit adding a touch of prestige and class. For extra savings; order in bulk from Graduation World!</p> ",White Honor Stole. For students of particular academic achievement; a White Honor Stole will be the right graduation accessory for you, White Honor Stole | Elementary Accessories | Graduation World, graduationworld, tassel, caps_with_tassel, Apparel & Accessories > Clothing, Default, TRUE,1, FALSE, active ,
white-valedictorian-graduation-stole,White Valedictorian Graduation Stole, https://cdn.shopify.com/s/files/1/0780/4793/6800/files/gw-ac-st-019-1.jpg,12.95,"<p><b>White Valedictorian Stole.</b> The hardest working and highest academic achievers can be honored with Graduation World's Valedictorian Stole. This classic stole will let your finest students display their success to family and friends on their big day. Our one size fits all unisex Valedictorian Stole is 62"" long and worn over the shoulders. Crated from fine bridal satin; it has 'Valedictorian' printed on both sides. But online and get this stole to make your prize winning students look their very best!</p>",White Valedictorian Stole. The hardest working and highest academic achievers can be honored with Graduation World's Valedictorian Stole, , graduationworld, tassel, caps_with_tassel, Apparel & Accessories > Clothing, Default, TRUE,1, FALSE, active ,
white-salutatorian-graduation-stole,White Salutatorian Graduation Stole, https://cdn.shopify.com/s/files/1/0780/4793/6800/files/gw-ac-st-020-1.jpg,12.95,"<p><b>White Salutatorian Stole.</b> Your achievements should be recognized; and this Salutatorian Stole is the perfect way to mark your academic success in front of family and friends. Simple and cost effective; this stole is made from soft bridal satin and has 'Salutatorian' printed on both sides. Measuring 62"" and with arrow pointed edges; this stole is the ideal way to celebrate your Salutatorian's academic success. Buy it now in bulk to enjoy extra discounts!</p>",White Salutatorian Stole. Your achievements should be recognized; and this Salutatorian Stole is the perfect way to mark your academic success in front of family and friends, White Salutatorian Stole | Elementary Accessories | Graduation World, graduationworld, tassel, caps_with_tassel, Apparel & Accessories > Clothing, Default, TRUE,1, FALSE, active ,
gold-valedictorian-graduation-stole,Gold Valedictorian Graduation Stole, https://cdn.shopify.com/s/files/1/0780/4793/6800/files/gw-ac-st-021-1.jpg,12.95,"<p><b>Gold Valedictorian Stole.</b> The hardest working and highest academic achievers can be honored with Graduation World's Valedictorian Stole. This classic stole will let your finest students display their success to family and friends on their big day. Our one size fits all unisex Valedictorian Stole is 62"" long and worn over the shoulders. Crated from fine bridal satin; it has 'Valedictorian' printed on both sides. Buy online and get this gold graduation stole to make your prize winning students look their very best!","This beautiful gold graduation stole includes the word ""Valedictorian"" printed on both sides of the stole. Buy this valedictorian stole online today!", Valedictorian Stole | Gold Graduation Stoles | Graduation World, graduationworld, tassel, caps_with_tassel, Apparel & Accessories > Clothing, Default, TRUE,1, FALSE, active ,
gold-honor-graduation-stole,Gold Honor Graduation Stole , https://cdn.shopify.com/s/files/1/0780/4793/6800/files/gw-ac-st-022-1.jpg,12.95,"Gold Graduation Honor Sash. For students of particular academic achievement; a gold graduation stole will be the right accessory for you. These beautifully elegant stoles are made from fine bridal satin; with 'Honor' imprinted on both sides; and measures a total of 62"". Worn over the shoulder; this stole would enhance any graduation outfit adding a touch of prestige and class. For extra savings; order in bulk from Graduation World!</p> ",Stand out and be recognized for your achievements when you wear this gold honor stole. For extra savings, order honor sashes in bulk from Graduation World!, Gold Stole Graduation | Honor Sashes Graduation, graduationworld, tassel, caps_with_tassel, Apparel & Accessories > Clothing, Default, TRUE,1, FALSE, active 
gold-salutatorian-graduation-stole,Gold Salutatorian Graduation Stole, https://cdn.shopify.com/s/files/1/0780/4793/6800/files/gw-ac-st-023-1.jpg,12.95,"<p><b>Gold Salutatorian Stole.</b> Your achievements should be recognized; and this Salutatorian Stole is the perfect way to mark your academic success in front of family and friends. Simple and cost effective; this stole is made from soft bridal satin and has 'Salutatorian' printed on both sides. Measuring 62"" and with arrow pointed edges; this stole is the ideal way to celebrate your Salutatorian's academic success. Buy it now in bulk to enjoy extra discounts!</p> ",Gold Salutatorian Stole. Your achievements should be recognized; and this Salutatorian Stole is the perfect way to mark your academic success in front of family and friends, Gold Salutatorian Stole | Elementary Accessories | Graduation World, graduationworld, tassel, caps_with_tassel, Apparel & Accessories > Clothing, Default, TRUE,1, FALSE, active ,
white-graduation-v-stole,White Graduation V Stole, https://cdn.shopify.com/s/files/1/0780/4793/6800/files/gw-ac-st-024-1.jpg,7.95,"<p><b>White Graduation V Stole.</b> These beautifully made white graduation sashes are the ideal way to showcase the achievements of the best students or show family and friends school or team pride. This classic V stole is the perfect accessory to sharpen up a graduation outfit. Made from soft fine bridal satin; the front V panel measures 6"" long with the back panel measuring 14.5"". The stole is one size fits all and will look great for every graduation. Buy online now!</p> ",This beautiful V stole is the ideal way to showcase student achievements or show family and friends school or team pride. Check out this white V sash for your graduation today!, Graduation V Stole | White Graduation Sash | Graduation World, graduationworld, tassel, caps_with_tassel, Apparel & Accessories > Clothing, Default, TRUE,1, FALSE, active ,
royal-blue-graduation-v-stole,Royal Blue Graduation V Stole , https://cdn.shopify.com/s/files/1/0780/4793/6800/files/gw-ac-st-025-1.jpg,7.95,"<p><b>Royal Blue V Stole.</b> These beautifully made stoles are the ideal way to showcase the achievements of the best students; or show family and friends school or team pride. This classic V stole is the perfect accessory to sharpen up a graduation outfit. Made from soft fine bridal satin; the front V panel measures 6"" long with the back panel measuring 14.5"". The stole is one size fits all and will look great for every graduation. Buy online now!</p> ",Royal Blue V Stole. These beautifully made stoles are the ideal way to showcase the achievements of the best students; or show family and friends school or team pride, Royal Blue V Stole | Elementary Accessories | Graduation World, graduationworld, tassel, caps_with_tassel, Apparel & Accessories > Clothing, Default, TRUE,1, FALSE, active ,
red-graduation-v-stole,Red Graduation V Stole , https://cdn.shopify.com/s/files/1/0780/4793/6800/files/gw-ac-st-026-1.jpg,7.95,"<p><b>Red V Stole.</b> These beautifully made stoles are the ideal way to showcase the achievements of the best students; or show family and friends school or team pride. This classic V stole is the perfect accessory to sharpen up a graduation outfit. Made from soft fine bridal satin; the front V panel measures 6"" long with the back panel measuring 14.5"". The stole is one size fits all and will look great for every graduation. Buy online now!</p> ",Red V Stole. These beautifully made stoles are the ideal way to showcase the achievements of the best students; or show family and friends school or team pride, Red Graduation V Stole | Elementary Accessories | Graduation World, graduationworld, tassel, caps_with_tassel, Apparel & Accessories > Clothing, Default, TRUE,1, FALSE, active ,
gold-graduation-v-stole,Gold Graduation V Stole , https://cdn.shopify.com/s/files/1/0780/4793/6800/files/gw-ac-st-027-1.jpg,7.95,"<p><b>Gold V Stole.</b> These beautifully made stoles are the ideal way to showcase the achievements of the best students; or show family and friends school or team pride. This classic V stole is the perfect accessory to sharpen up a graduation outfit. Made from soft fine bridal satin; the front V panel measures 6"" long with the back panel measuring 14.5"". The stole is one size fits all and will look great for every graduation. Buy online now!</p> ",Gold V Stole. These beautifully made stoles are the ideal way to showcase the achievements of the best students; or show family and friends school or team pride, Gold Graduation V Stole | Elementary Accessories | Graduation World, graduationworld, tassel, caps_with_tassel, Apparel & Accessories > Clothing, Default, TRUE,1, FALSE, active ,
valedictorian-medal,Valedictorian Medal, https://cdn.shopify.com/s/files/1/0780/4793/6800/files/gw-ac-md-001-1.jpg,15.95,"Valedictorian Medal | Salutatorian Medal - Scholastic Medal Award Medal - Valedictorian Medallion <p><b>Valedictorian Medal.</b> The hours of hard work resulting in high achievement for the valedictorian deserves to be recognized. There is no better way to honor this achievement than presenting your high flyer with a beautiful scholastic medal.  Graduation World has high quality value for money zinc medals that can be purchased today. Our salutatorian medal is inscribed with a classic old-English font and weighs 4 ounces; coming with a beautiful 15.5"" gold ribbon. Order graduation medallions in bulk now for extra savings!</p> ",Walk across the graduation stage with confidence and pride in your accomplishments by wearing this beautiful valedictorian medal. Buy graduation medallions online today!, Valedictorian Medal | Graduation Medallion | Graduation World, graduationworld, tassel, caps_with_tassel, Apparel & Accessories > Clothing, Default, TRUE,1, FALSE, active ,
,, https://cdn.shopify.com/s/files/1/0780/4793/6800/files/gw-ac-md-001-2.jpg,,,, , , , , , ,, ,  ,,
salutatorian-medal,Salutatorian Medal , https://cdn.shopify.com/s/files/1/0780/4793/6800/files/gw-ac-md-002-1.jpg,15.95,"<p><b>Salutatorian Medal.</b> The hours of hard work resulting in high achievement for the salutatorian deserves to be recognized. There is no better way to honor this achievement than presenting your high flyer with a beautiful Valedictorian Medal. Graduation World has high quality value for money zinc medals that can be purchased today. Our scholastic medal is inscribed with a classic old-English font and weighs 4 ounces; coming with a beautiful 15.5"" gold ribbon. Order in bulk now for extra savings!</p> ",Hard work deserves a great reward, and this salutatorian medal will ensure that your top students get recognized. Order in bulk now for extra savings!, Salutatorian Medal | Scholastic Medal | Graduation World, graduationworld, tassel, caps_with_tassel, Apparel & Accessories > Clothing, Default, TRUE,1, FALSE, active 
,, https://cdn.shopify.com/s/files/1/0780/4793/6800/files/gw-ac-md-002-2.jpg,,,, , , , , , ,, ,  ,,
