black-diploma-of-graduation-cover,"Black Diploma of Graduation Cover", https://cdn.shopify.com/s/files/1/0780/4793/6800/files/black-college-diploma-cover-4_1.jpg,7.95,<p><b>Black Diploma Holder. Want to keep your graduation certificate in good condition and in pride of place? Look no further than our diploma covers which will keep your certificate looking pristine and smart. We have a range of beautiful college diploma covers to match your school color; measuring 8.5" and 11". Buy now in bulk to make extra savings for these fantastic products!</p>,This versatile black diploma holder is a great option for any college graduation ceremony! Order diploma covers in bulk from Graduation World for extra savings., Black Diploma Holder | College Diploma Cover, graduationworld, diplomas, Apparel & Accessories > Clothing, Default, TRUE,1, FALSE, active 
,"", https://cdn.shopify.com/s/files/1/0780/4793/6800/files/black-college-diploma-cover-3_1.jpg,,,, , , , , , ,, ,  
,"", https://cdn.shopify.com/s/files/1/0780/4793/6800/files/black-college-diploma-cover-1_1.jpg,,,, , , , , , ,, ,  
,"", https://cdn.shopify.com/s/files/1/0780/4793/6800/files/black-college-diploma-cover-2_1.jpg,,,, , , , , , ,, ,  
navy-blue-diploma-of-graduation-cover,"Navy Blue Diploma of Graduation Cover", https://cdn.shopify.com/s/files/1/0780/4793/6800/files/navy-blue-college-diploma-cover-3.jpg,7.95,<p><b>Navy Blue Diploma Cover.</b>Want to keep your graduation certificate in good condition and in pride of place? Look no further than our diploma covers which will keep your certificate looking pristine and smart. We have a range of beautiful diploma covers to match your school color; measuring 8.5" and 11". Buy now in bulk to make extra savings for these fantastic products!</p>,Navy Blue Diploma Cover.Want to keep your graduation certificate in good condition and in pride of place? Look no further than our diploma covers which will keep your certificate looking pristine and smart, Navy Blue Diploma Cover | University | Graduation World, graduationworld, diplomas, Apparel & Accessories > Clothing, Default, TRUE,1, FALSE, active 
,"", https://cdn.shopify.com/s/files/1/0780/4793/6800/files/navy-blue-college-diploma-cover-2.jpg,,,, , , , , , ,, ,  
,"", https://cdn.shopify.com/s/files/1/0780/4793/6800/files/navy-blue-college-diploma-cover-4.jpg,,,, , , , , , ,, ,  
,"", https://cdn.shopify.com/s/files/1/0780/4793/6800/files/navy-blue-college-diploma-cover-1_3.jpg,,,, , , , , , ,, ,  
maroon-diploma-of-graduation-cover,"Maroon Diploma of Graduation Cover ", https://cdn.shopify.com/s/files/1/0780/4793/6800/files/maroon-college-diploma-cover-2.jpg,7.95,Maroon Diploma Case. Want to keep your graduation certificate in good condition and in pride of place? Look no further than our diploma covers which will keep your certificate looking pristine and smart. We have a range of beautiful diploma covers to match your school color; measuring 8.5" and 11". Buy diploma folders now in bulk to make extra savings for these fantastic products! We also offer an imprinted <a href="https://www.graduationworld.com/maroon-imprinted-diploma-of-graduation-cover">maroon diploma cover</a> option.,Purchase diploma folders online from Graduation World individually or in bulk today! This maroon diploma case will keep your certificate in good condition and pride of place., Maroon Diploma Case | Diploma Folder | Graduation World, graduationworld, diplomas, Apparel & Accessories > Clothing, Default, TRUE,1, FALSE, active 
,"", https://cdn.shopify.com/s/files/1/0780/4793/6800/files/maroon-college-diploma-cover-3.jpg,,,, , , , , , ,, ,  
,"", https://cdn.shopify.com/s/files/1/0780/4793/6800/files/maroon-college-diploma-cover-4.jpg,,,, , , , , , ,, ,  
,"", https://cdn.shopify.com/s/files/1/0780/4793/6800/files/maroon-college-diploma-cover-1_3.jpg,,,, , , , , , ,, ,  
red-diploma-of-graduation-cover,"Red Diploma of Graduation Cover", https://cdn.shopify.com/s/files/1/0780/4793/6800/files/red-college-diploma-cover-2.jpg,7.95,Red Diploma Cover. Want to keep your graduation certificate in good condition and in pride of place? Look no further than our diploma covers which will keep your certificate looking pristine and smart. We have a range of beautiful diploma covers to match your school color; measuring 8.5" and 11". Buy diploma cases now in bulk to make extra savings for these fantastic products! We offer a <a href="https://www.graduationworld.com/red-imprinted-diploma-of-graduation-cover">red imprinted diploma</a> as well.,Find a diploma case at Graduation World to match any school color! This red diploma cover will stand out and keep your graduation certificate looking clean and crisp., Red Diploma Cover | Diploma Case | Graduation World, graduationworld, diplomas, Apparel & Accessories > Clothing, Default, TRUE,1, FALSE, active 
,"", https://cdn.shopify.com/s/files/1/0780/4793/6800/files/red-college-diploma-cover-3.jpg,,,, , , , , , ,, ,  
,"", https://cdn.shopify.com/s/files/1/0780/4793/6800/files/red-college-diploma-cover-4.jpg,,,, , , , , , ,, ,  
,"", https://cdn.shopify.com/s/files/1/0780/4793/6800/files/red-college-diploma-cover-1_3.jpg,,,, , , , , , ,, ,  
royal-blue-diploma-of-graduation-cover,"Royal Blue Diploma of Graduation Cover", https://cdn.shopify.com/s/files/1/0780/4793/6800/files/royal-blue-college-diploma-cover-4.jpg,7.95,Diploma Covers - Royal Blue Imprinted Diploma Cover | Graduation Diploma Cover Royal Blue Diploma Cover. Want to keep your graduation certificate in good condition and in pride of place? Look no further than our diploma covers which will keep your certificate looking pristine and smart. We have a range of beautiful padded diploma covers to match your school color; measuring 8.5" and 11". Buy now in bulk to make extra savings for these fantastic products!</p>,This beautiful; royal blue diploma cover measures 8.5"x11" and will keep your certificate looking pristine. Buy this padded diploma cover online from Graduation World today!, Royal Blue Diploma Cover | Padded Diploma Cover, graduationworld, diplomas, Apparel & Accessories > Clothing, Default, TRUE,1, FALSE, active 
,"", https://cdn.shopify.com/s/files/1/0780/4793/6800/files/royal-blue-college-diploma-cover-3.jpg,,,, , , , , , ,, ,  
,"", https://cdn.shopify.com/s/files/1/0780/4793/6800/files/royal-blue-college-diploma-cover-2.jpg,,,, , , , , , ,, ,  
,"", https://cdn.shopify.com/s/files/1/0780/4793/6800/files/royal-blue-college-diploma-cover-1_2.jpg,,,, , , , , , ,, ,  
black-imprinted-diploma-of-graduation-cover,"Black Imprinted Diploma of Graduation Cover", https://cdn.shopify.com/s/files/1/0780/4793/6800/files/black-imprinted-college-diploma-cover-2.jpg,8.95,Diploma Covers - Black Imprinted Diploma Cover | Graduation Diploma Cover <p><b>Black Imprinted Diploma Cover.</b>Want to keep your graduation certificate in good condition and in pride of place? Look no further than our black diploma covers; which will keep your certificate looking pristine and smart. We also have a range of beautiful custom diploma covers to match your school color; measuring 8.5" and 11". We offer blank; <a href="https://www.graduationworld.com/black-diploma-of-graduation-cover">black diploma holders as well.</a></p>,This black imprinted diploma cover will keep your graduation certificate in prime condition. Order certificate covers in bulk online at Graduation World for extra savings!, Black Diploma Cover | Certificate Covers in Bulk, graduationworld, diplomas, Apparel & Accessories > Clothing, Default, TRUE,1, FALSE, active 
,"", https://cdn.shopify.com/s/files/1/0780/4793/6800/files/black-imprinted-college-diploma-cover-1.jpg,,,, , , , , , ,, ,  
,"", https://cdn.shopify.com/s/files/1/0780/4793/6800/files/black-imprinted-college-diploma-cover-4.jpg,,,, , , , , , ,, ,  
,"", https://cdn.shopify.com/s/files/1/0780/4793/6800/files/black-imprinted-college-diploma-cover-3.jpg,,,, , , , , , ,, ,  
navy-blue-imprinted-diploma-cover,"Navy Blue Imprinted Diploma of Graduation Cover", https://cdn.shopify.com/s/files/1/0780/4793/6800/files/navy-blue-imprinted-college-diploma-cover-2.jpg,8.95,Imprinted Graduation Diploma Cover - Navy Blue Diploma Cover | Graduation Diploma Cover Diploma of Graduation Cover Navy Blue Imprinted  <p><b>Navy Blue Imprinted Diploma Cover.</b>Want to keep your graduation certificate in good condition and in pride of place? Look no further than our diploma covers which will keep your certificate looking pristine and smart. We have a range of beautiful diploma covers to match your school color; measuring 8.5" and 11". Buy now in bulk to make extra savings for these fantastic products!</p>,Keep your graduation certificate in great condition with our navy blue diploma cover! This imprinted graduation diploma cover will keep it fresh and clean., Navy Blue Diploma Cover | Imprinted Graduation Diploma Cover, graduationworld, diplomas, Apparel & Accessories > Clothing, Default, TRUE,1, FALSE, active 
,"", https://cdn.shopify.com/s/files/1/0780/4793/6800/files/navy-blue-imprinted-college-diploma-cover-3.jpg,,,, , , , , , ,, ,  
,"", https://cdn.shopify.com/s/files/1/0780/4793/6800/files/navy-blue-imprinted-college-diploma-cover-4.jpg,,,, , , , , , ,, ,  
,"", https://cdn.shopify.com/s/files/1/0780/4793/6800/files/navy-blue-imprinted-college-diploma-cover-1_1.jpg,,,, , , , , , ,, ,  
maroon-imprinted-diploma-of-graduation-cover,"Maroon Imprinted Diploma of Graduation Cover", https://cdn.shopify.com/s/files/1/0780/4793/6800/files/maroon-imprinted-college-diploma-cover-3.jpg,8.95,Diploma of Graduation Cover Imprinted Maroon<p><b>Imprinted Maroon Diploma Cover.</b>Want to keep your graduation certificate in good condition and in pride of place? Look no further than our diploma covers which will keep your certificate looking pristine and smart. We have a range of beautiful graduation certificate holders to match your school color; measuring 8.5" and 11". Buy now in bulk to make extra savings for these fantastic products!</p>,Purchase this graduation certificate holder to keep your diploma looking pristine for years to come. Our imprinted maroon diploma cover measures 8.5"x11" and opens horizontally., Maroon Diploma Cover | Graduation Certificate Holder, graduationworld, diplomas, Apparel & Accessories > Clothing, Default, TRUE,1, FALSE, active 
,"", https://cdn.shopify.com/s/files/1/0780/4793/6800/files/maroon-imprinted-college-diploma-cover-4.jpg,,,, , , , , , ,, ,  
,"", https://cdn.shopify.com/s/files/1/0780/4793/6800/files/maroon-imprinted-college-diploma-cover-2.jpg,,,, , , , , , ,, ,  
,"", https://cdn.shopify.com/s/files/1/0780/4793/6800/files/maroon-imprinted-college-diploma-cover-1_1.jpg,,,, , , , , , ,, ,  
red-imprinted-diploma-of-graduation-cover,"Red Imprinted Diploma of Graduation Cover", https://cdn.shopify.com/s/files/1/0780/4793/6800/files/red-imprinted-college-diploma-cover-4.jpg,8.95,<p><b>Red Diploma Cover with Imprint. Want to keep your graduation certificate in good condition and in pride of place? Look no further than our diploma covers which will keep your certificate looking pristine and smart. We have a range of beautiful diploma covers to match your school color; measuring 8.5" and 11". Buy graduation certificate folders in bulk to make extra savings for these fantastic products!,Order graduation certificate folders individually and in bulk from Graduation World! This red; imprinted diploma cover matches well with many of our other graduation products., Red Imprinted Diploma Cover | Graduation Certificate Folder, graduationworld, diplomas, Apparel & Accessories > Clothing, Default, TRUE,1, FALSE, active 
,"", https://cdn.shopify.com/s/files/1/0780/4793/6800/files/red-imprinted-college-diploma-cover-2.jpg,,,, , , , , , ,, ,  
,"", https://cdn.shopify.com/s/files/1/0780/4793/6800/files/red-imprinted-college-diploma-cover-3.jpg,,,, , , , , , ,, ,  
,"", https://cdn.shopify.com/s/files/1/0780/4793/6800/files/red-imprinted-college-diploma-cover-1_1.jpg,,,, , , , , , ,, ,  
royal-blue-imprinted-diploma-of-graduation-cover,"Royal Blue Imprinted Diploma of Graduation Cover", https://cdn.shopify.com/s/files/1/0780/4793/6800/files/royal-blue-imprinted-college-diploma-cover-4.jpg,8.95,Imprinted Royal Blue Diploma Cover. Want to keep your graduation certificate in good condition and in pride of place? Look no further than our diploma covers which will keep your certificate looking pristine and smart. We have a range of beautiful diploma covers to match your school color; measuring 8.5" and 11". We even have a plain; <a href="https://www.graduationworld.com/royal-blue-diploma-of-graduation-cover">royal blue diploma cover</a>. Buy now in bulk to make extra savings for these fantastic products!</p>,Order college diploma covers online from Graduation World today! This royal blue; imprinted diploma cover can be purchased in bulk for extra savings on this fantastic product., Royal Blue Imprinted Diploma Cover | College Diploma Cover, graduationworld, diplomas, Apparel & Accessories > Clothing, Default, TRUE,1, FALSE, active 
,"", https://cdn.shopify.com/s/files/1/0780/4793/6800/files/royal-blue-imprinted-college-diploma-cover-3.jpg,,,, , , , , , ,, ,  
,"", https://cdn.shopify.com/s/files/1/0780/4793/6800/files/royal-blue-imprinted-college-diploma-cover-2.jpg,,,, , , , , , ,, ,  
,"", https://cdn.shopify.com/s/files/1/0780/4793/6800/files/royal-blue-imprinted-college-diploma-cover-1_2.jpg,,,, , , , , , ,, ,  
custom-diploma-of-graduation,"Custom Diploma of Graduation", https://cdn.shopify.com/s/files/1/0780/4793/6800/files/diploma-of-graduation_1.jpg,12.95,Blank Custom Diploma. There is no better way to remember academic achievements than a personalized diploma.Graduation World makes a range of classic diplomas and <a href="https://www.graduationworld.com/custom-diploma-of-graduation-cover">custom diploma covers </a> that make the perfect gift to celebrate the achievements of all young and not-so-young graduates. These beautifully designed pieces partner perfectly with out Graduation Covers. Buy a graduation diploma today and enjoy the success of your graduate for years to come! </p>,Make your graduation unique with this blank; customizable diploma. Order your personalized diploma with your name; degree; and graduation date today!, Blank Custom Diploma | Personalized Diploma, graduationworld, diplomas, Apparel & Accessories > Clothing, Default, TRUE,1, FALSE, active 
preschool-diploma-of-graduation,"Preschool Diploma of Graduation", https://cdn.shopify.com/s/files/1/0780/4793/6800/files/gw_graduation_preschool_diploma_.jpg,2.95,Preschool Diploma of Graduation. Order a preschool graduation certificate to remember the special day for years to come!,Buy a preschool graduation certificate to remember the special day for years to come. You'll be glad you ordered a preschool diploma from Graduation World., Preschool Diploma | Preschool Graduation Certificate, graduationworld, diplomas, Apparel & Accessories > Clothing, Default, TRUE,1, FALSE, active 
kindergarten-diploma-of-graduation,"Kindergarten Diploma of Graduation", https://cdn.shopify.com/s/files/1/0780/4793/6800/files/gw_graduation_kindergarten_diploma.jpg,2.95,Kindergarten Diploma of Graduation,, , graduationworld, diplomas, Apparel & Accessories > Clothing, Default, TRUE,1, FALSE, active 
diploma-of-graduation,"Diploma of Graduation", https://cdn.shopify.com/s/files/1/0780/4793/6800/files/diploma-of-graduation_1_1.jpg,2.95,<p><b>Diploma of Graduation.</b>There is no better way to remember academic achievements than a personalized diploma. Graduation World makes a range of classic diplomas that make the perfect gift to celebrate the achievements of all young and not-so-young graduates. These beautifully designed pieces partner perfectly with out Graduation Covers. Buy a graduation diploma today and enjoy the success of your graduate for years to come! </p>,Diploma of Graduation - Graduation World, Diploma of Graduation | University | Graduation World, graduationworld, diplomas, Apparel & Accessories > Clothing, Default, TRUE,1, FALSE, active 